{
  "Search Video" : {
    "transaction" : "Search Video",
    "sampleCount" : 75,
    "errorCount" : 0,
    "errorPct" : 0.0,
    "meanResTime" : 38.62666666666667,
    "minResTime" : 8.0,
    "maxResTime" : 1098.0,
    "pct1ResTime" : 87.00000000000028,
    "pct2ResTime" : 119.2,
    "pct3ResTime" : 1098.0,
    "throughput" : 16.97985057731492,
    "receivedKBytesPerSec" : 132.6046737038714,
    "sentKBytesPerSec" : 5.074056910799185
  },
  "Total" : {
    "transaction" : "Total",
    "sampleCount" : 525,
    "errorCount" : 0,
    "errorPct" : 0.0,
    "meanResTime" : 743.628571428571,
    "minResTime" : 3.0,
    "maxResTime" : 6871.0,
    "pct1ResTime" : 4617.000000000001,
    "pct2ResTime" : 5669.4,
    "pct3ResTime" : 6679.84,
    "throughput" : 70.4319828280118,
    "receivedKBytesPerSec" : 481.87345930037566,
    "sentKBytesPerSec" : 19.45696626811108
  },
  "Login into Web" : {
    "transaction" : "Login into Web",
    "sampleCount" : 75,
    "errorCount" : 0,
    "errorPct" : 0.0,
    "meanResTime" : 5141.346666666669,
    "minResTime" : 2840.0,
    "maxResTime" : 6871.0,
    "pct1ResTime" : 6591.400000000001,
    "pct2ResTime" : 6727.400000000001,
    "pct3ResTime" : 6871.0,
    "throughput" : 10.875870069605568,
    "receivedKBytesPerSec" : 17.082621492531903,
    "sentKBytesPerSec" : 5.492880836716937
  },
  "Access Live TV Page" : {
    "transaction" : "Access Live TV Page",
    "sampleCount" : 75,
    "errorCount" : 0,
    "errorPct" : 0.0,
    "meanResTime" : 4.986666666666665,
    "minResTime" : 3.0,
    "maxResTime" : 16.0,
    "pct1ResTime" : 7.400000000000006,
    "pct2ResTime" : 8.0,
    "pct3ResTime" : 16.0,
    "throughput" : 17.07650273224044,
    "receivedKBytesPerSec" : 131.35010210325592,
    "sentKBytesPerSec" : 3.7021324282786883
  },
  "Access Animation Page" : {
    "transaction" : "Access Animation Page",
    "sampleCount" : 75,
    "errorCount" : 0,
    "errorPct" : 0.0,
    "meanResTime" : 5.2,
    "minResTime" : 3.0,
    "maxResTime" : 12.0,
    "pct1ResTime" : 8.0,
    "pct2ResTime" : 9.200000000000003,
    "pct3ResTime" : 12.0,
    "throughput" : 17.064846416382252,
    "receivedKBytesPerSec" : 131.38087492889647,
    "sentKBytesPerSec" : 3.782929820819113
  },
  "Access Movies Page" : {
    "transaction" : "Access Movies Page",
    "sampleCount" : 75,
    "errorCount" : 0,
    "errorPct" : 0.0,
    "meanResTime" : 5.013333333333331,
    "minResTime" : 3.0,
    "maxResTime" : 13.0,
    "pct1ResTime" : 7.400000000000006,
    "pct2ResTime" : 10.200000000000003,
    "pct3ResTime" : 13.0,
    "throughput" : 17.02224239673173,
    "receivedKBytesPerSec" : 130.80329912335452,
    "sentKBytesPerSec" : 3.723615524285066
  },
  "Access Series Page" : {
    "transaction" : "Access Series Page",
    "sampleCount" : 75,
    "errorCount" : 0,
    "errorPct" : 0.0,
    "meanResTime" : 5.400000000000001,
    "minResTime" : 3.0,
    "maxResTime" : 21.0,
    "pct1ResTime" : 9.400000000000006,
    "pct2ResTime" : 10.200000000000003,
    "pct3ResTime" : 21.0,
    "throughput" : 17.053206002728512,
    "receivedKBytesPerSec" : 131.15158879035926,
    "sentKBytesPerSec" : 3.7303888130968623
  },
  "Access Detail Movie" : {
    "transaction" : "Access Detail Movie",
    "sampleCount" : 75,
    "errorCount" : 0,
    "errorPct" : 0.0,
    "meanResTime" : 4.826666666666667,
    "minResTime" : 3.0,
    "maxResTime" : 9.0,
    "pct1ResTime" : 7.0,
    "pct2ResTime" : 8.200000000000003,
    "pct3ResTime" : 9.0,
    "throughput" : 17.09986320109439,
    "receivedKBytesPerSec" : 132.45224506953943,
    "sentKBytesPerSec" : 4.341762140902873
  }
}