{
  "Search Video" : {
    "transaction" : "Search Video",
    "sampleCount" : 2000,
    "errorCount" : 0,
    "errorPct" : 0.0,
    "meanResTime" : 3397.942000000006,
    "minResTime" : 726.0,
    "maxResTime" : 23060.0,
    "pct1ResTime" : 5748.0,
    "pct2ResTime" : 7000.95,
    "pct3ResTime" : 15765.730000000003,
    "throughput" : 60.20107157907411,
    "receivedKBytesPerSec" : 386.5449664379026,
    "sentKBytesPerSec" : 17.989773342965503
  },
  "Total" : {
    "transaction" : "Total",
    "sampleCount" : 14000,
    "errorCount" : 1967,
    "errorPct" : 14.05,
    "meanResTime" : 5565.523571428565,
    "minResTime" : 49.0,
    "maxResTime" : 47087.0,
    "pct1ResTime" : 11149.8,
    "pct2ResTime" : 29867.899999999998,
    "pct3ResTime" : 45279.0,
    "throughput" : 183.5776664656054,
    "receivedKBytesPerSec" : 1029.1138607694527,
    "sentKBytesPerSec" : 51.170225669402846
  },
  "Login into Web" : {
    "transaction" : "Login into Web",
    "sampleCount" : 2000,
    "errorCount" : 1967,
    "errorPct" : 98.35,
    "meanResTime" : 23063.8745,
    "minResTime" : 3873.0,
    "maxResTime" : 47087.0,
    "pct1ResTime" : 45265.7,
    "pct2ResTime" : 45289.95,
    "pct3ResTime" : 46637.0,
    "throughput" : 31.026512154636137,
    "receivedKBytesPerSec" : 22.207226074680815,
    "sentKBytesPerSec" : 16.21014062766634
  },
  "Access Live TV Page" : {
    "transaction" : "Access Live TV Page",
    "sampleCount" : 2000,
    "errorCount" : 0,
    "errorPct" : 0.0,
    "meanResTime" : 2025.835500000002,
    "minResTime" : 49.0,
    "maxResTime" : 16956.0,
    "pct1ResTime" : 4195.400000000001,
    "pct2ResTime" : 5277.999999999996,
    "pct3ResTime" : 9133.73,
    "throughput" : 81.58270446665307,
    "receivedKBytesPerSec" : 523.834259636957,
    "sentKBytesPerSec" : 17.686875382418926
  },
  "Access Animation Page" : {
    "transaction" : "Access Animation Page",
    "sampleCount" : 2000,
    "errorCount" : 0,
    "errorPct" : 0.0,
    "meanResTime" : 2389.4075000000016,
    "minResTime" : 57.0,
    "maxResTime" : 17873.0,
    "pct1ResTime" : 4960.9,
    "pct2ResTime" : 6267.95,
    "pct3ResTime" : 9861.68,
    "throughput" : 78.23195775474281,
    "receivedKBytesPerSec" : 502.3194553099941,
    "sentKBytesPerSec" : 17.342435947584587
  },
  "Access Movies Page" : {
    "transaction" : "Access Movies Page",
    "sampleCount" : 2000,
    "errorCount" : 0,
    "errorPct" : 0.0,
    "meanResTime" : 3259.5905000000007,
    "minResTime" : 89.0,
    "maxResTime" : 20882.0,
    "pct1ResTime" : 6423.6,
    "pct2ResTime" : 8892.749999999989,
    "pct3ResTime" : 16002.91,
    "throughput" : 85.70449091532396,
    "receivedKBytesPerSec" : 550.2998318049366,
    "sentKBytesPerSec" : 18.74785738772712
  },
  "Access Series Page" : {
    "transaction" : "Access Series Page",
    "sampleCount" : 2000,
    "errorCount" : 0,
    "errorPct" : 0.0,
    "meanResTime" : 3264.0445000000027,
    "minResTime" : 74.0,
    "maxResTime" : 20908.0,
    "pct1ResTime" : 6716.300000000007,
    "pct2ResTime" : 9393.099999999993,
    "pct3ResTime" : 14472.11,
    "throughput" : 79.827572443522,
    "receivedKBytesPerSec" : 512.5647351720285,
    "sentKBytesPerSec" : 17.462281472020436
  },
  "Access Detail Movie" : {
    "transaction" : "Access Detail Movie",
    "sampleCount" : 2000,
    "errorCount" : 0,
    "errorPct" : 0.0,
    "meanResTime" : 1557.9704999999992,
    "minResTime" : 52.0,
    "maxResTime" : 11942.0,
    "pct1ResTime" : 3253.8,
    "pct2ResTime" : 4340.199999999997,
    "pct3ResTime" : 6346.98,
    "throughput" : 90.57560798876862,
    "receivedKBytesPerSec" : 581.576779810697,
    "sentKBytesPerSec" : 22.997712965898284
  }
}