{
  "Play Video" : {
    "transaction" : "Play Video",
    "sampleCount" : 2000,
    "errorCount" : 26,
    "errorPct" : 1.3,
    "meanResTime" : 81751.3529999999,
    "minResTime" : 40487.0,
    "maxResTime" : 91501.0,
    "pct1ResTime" : 84052.0,
    "pct2ResTime" : 84365.8,
    "pct3ResTime" : 89358.7,
    "throughput" : 21.82667437875828,
    "receivedKBytesPerSec" : 7.894136877803364,
    "sentKBytesPerSec" : 8.28897800689723
  },
  "Total" : {
    "transaction" : "Total",
    "sampleCount" : 2000,
    "errorCount" : 26,
    "errorPct" : 1.3,
    "meanResTime" : 81751.3529999999,
    "minResTime" : 40487.0,
    "maxResTime" : 91501.0,
    "pct1ResTime" : 84052.0,
    "pct2ResTime" : 84365.8,
    "pct3ResTime" : 89358.7,
    "throughput" : 21.82667437875828,
    "receivedKBytesPerSec" : 7.894136877803364,
    "sentKBytesPerSec" : 8.28897800689723
  }
}