{
  "Search Video" : {
    "transaction" : "Search Video",
    "sampleCount" : 75,
    "errorCount" : 0,
    "errorPct" : 0.0,
    "meanResTime" : 26.77333333333332,
    "minResTime" : 9.0,
    "maxResTime" : 187.0,
    "pct1ResTime" : 28.400000000000006,
    "pct2ResTime" : 177.40000000000003,
    "pct3ResTime" : 187.0,
    "throughput" : 21.282633371169126,
    "receivedKBytesPerSec" : 166.18910063138478,
    "sentKBytesPerSec" : 6.359849425368899
  },
  "Total" : {
    "transaction" : "Total",
    "sampleCount" : 525,
    "errorCount" : 0,
    "errorPct" : 0.0,
    "meanResTime" : 904.6514285714295,
    "minResTime" : 3.0,
    "maxResTime" : 7983.0,
    "pct1ResTime" : 5733.6,
    "pct2ResTime" : 6854.3,
    "pct3ResTime" : 7748.72,
    "throughput" : 65.24170498322356,
    "receivedKBytesPerSec" : 446.17947682366093,
    "sentKBytesPerSec" : 18.023142358953645
  },
  "Login into Web" : {
    "transaction" : "Login into Web",
    "sampleCount" : 75,
    "errorCount" : 0,
    "errorPct" : 0.0,
    "meanResTime" : 6274.826666666668,
    "minResTime" : 4185.0,
    "maxResTime" : 7983.0,
    "pct1ResTime" : 7603.8,
    "pct2ResTime" : 7780.2,
    "pct3ResTime" : 7983.0,
    "throughput" : 9.367974019485386,
    "receivedKBytesPerSec" : 14.723332500624531,
    "sentKBytesPerSec" : 4.731314795153635
  },
  "Access Live TV Page" : {
    "transaction" : "Access Live TV Page",
    "sampleCount" : 75,
    "errorCount" : 0,
    "errorPct" : 0.0,
    "meanResTime" : 6.653333333333335,
    "minResTime" : 3.0,
    "maxResTime" : 34.0,
    "pct1ResTime" : 9.0,
    "pct2ResTime" : 17.80000000000001,
    "pct3ResTime" : 34.0,
    "throughput" : 22.42822966507177,
    "receivedKBytesPerSec" : 172.36006887335526,
    "sentKBytesPerSec" : 4.862370103169857
  },
  "Access Animation Page" : {
    "transaction" : "Access Animation Page",
    "sampleCount" : 75,
    "errorCount" : 0,
    "errorPct" : 0.0,
    "meanResTime" : 6.013333333333333,
    "minResTime" : 3.0,
    "maxResTime" : 12.0,
    "pct1ResTime" : 8.0,
    "pct2ResTime" : 9.200000000000003,
    "pct3ResTime" : 12.0,
    "throughput" : 22.42152466367713,
    "receivedKBytesPerSec" : 172.54355848281014,
    "sentKBytesPerSec" : 4.970396580717488
  },
  "Access Movies Page" : {
    "transaction" : "Access Movies Page",
    "sampleCount" : 75,
    "errorCount" : 0,
    "errorPct" : 0.0,
    "meanResTime" : 5.786666666666666,
    "minResTime" : 3.0,
    "maxResTime" : 19.0,
    "pct1ResTime" : 9.0,
    "pct2ResTime" : 9.200000000000003,
    "pct3ResTime" : 19.0,
    "throughput" : 22.414823670053796,
    "receivedKBytesPerSec" : 172.29148376793185,
    "sentKBytesPerSec" : 4.9032426778242675
  },
  "Access Series Page" : {
    "transaction" : "Access Series Page",
    "sampleCount" : 75,
    "errorCount" : 0,
    "errorPct" : 0.0,
    "meanResTime" : 5.96,
    "minResTime" : 3.0,
    "maxResTime" : 12.0,
    "pct1ResTime" : 9.0,
    "pct2ResTime" : 11.0,
    "pct3ResTime" : 12.0,
    "throughput" : 22.4081266806095,
    "receivedKBytesPerSec" : 172.2461345981476,
    "sentKBytesPerSec" : 4.901777711383328
  },
  "Access Detail Movie" : {
    "transaction" : "Access Detail Movie",
    "sampleCount" : 75,
    "errorCount" : 0,
    "errorPct" : 0.0,
    "meanResTime" : 6.546666666666669,
    "minResTime" : 3.0,
    "maxResTime" : 15.0,
    "pct1ResTime" : 11.0,
    "pct2ResTime" : 14.0,
    "pct3ResTime" : 15.0,
    "throughput" : 22.45508982035928,
    "receivedKBytesPerSec" : 173.75912238023952,
    "sentKBytesPerSec" : 5.701487649700599
  }
}