{
  "Search Video" : {
    "transaction" : "Search Video",
    "sampleCount" : 100,
    "errorCount" : 0,
    "errorPct" : 0.0,
    "meanResTime" : 29.109999999999996,
    "minResTime" : 9.0,
    "maxResTime" : 326.0,
    "pct1ResTime" : 47.0,
    "pct2ResTime" : 77.89999999999998,
    "pct3ResTime" : 325.8599999999999,
    "throughput" : 17.39432944859976,
    "receivedKBytesPerSec" : 135.77972799617325,
    "sentKBytesPerSec" : 5.197914854757349
  },
  "Total" : {
    "transaction" : "Total",
    "sampleCount" : 700,
    "errorCount" : 0,
    "errorPct" : 0.0,
    "meanResTime" : 927.4985714285717,
    "minResTime" : 3.0,
    "maxResTime" : 8641.0,
    "pct1ResTime" : 5124.7,
    "pct2ResTime" : 7207.95,
    "pct3ResTime" : 8395.81,
    "throughput" : 80.52455999079719,
    "receivedKBytesPerSec" : 550.5525278960083,
    "sentKBytesPerSec" : 22.245134375359484
  },
  "Login into Web" : {
    "transaction" : "Login into Web",
    "sampleCount" : 100,
    "errorCount" : 0,
    "errorPct" : 0.0,
    "meanResTime" : 6389.200000000002,
    "minResTime" : 2482.0,
    "maxResTime" : 8641.0,
    "pct1ResTime" : 8341.4,
    "pct2ResTime" : 8583.75,
    "pct3ResTime" : 8640.64,
    "throughput" : 11.566042100393247,
    "receivedKBytesPerSec" : 18.188053001387924,
    "sentKBytesPerSec" : 5.841528958477908
  },
  "Access Live TV Page" : {
    "transaction" : "Access Live TV Page",
    "sampleCount" : 100,
    "errorCount" : 0,
    "errorPct" : 0.0,
    "meanResTime" : 9.689999999999996,
    "minResTime" : 3.0,
    "maxResTime" : 59.0,
    "pct1ResTime" : 18.900000000000006,
    "pct2ResTime" : 35.74999999999994,
    "pct3ResTime" : 58.83999999999992,
    "throughput" : 21.715526601520086,
    "receivedKBytesPerSec" : 166.80111631378935,
    "sentKBytesPerSec" : 4.707858306188925
  },
  "Access Animation Page" : {
    "transaction" : "Access Animation Page",
    "sampleCount" : 100,
    "errorCount" : 0,
    "errorPct" : 0.0,
    "meanResTime" : 7.999999999999996,
    "minResTime" : 3.0,
    "maxResTime" : 40.0,
    "pct1ResTime" : 12.0,
    "pct2ResTime" : 16.849999999999966,
    "pct3ResTime" : 39.989999999999995,
    "throughput" : 21.715526601520086,
    "receivedKBytesPerSec" : 167.14678338762212,
    "sentKBytesPerSec" : 4.81389115092291
  },
  "Access Movies Page" : {
    "transaction" : "Access Movies Page",
    "sampleCount" : 100,
    "errorCount" : 0,
    "errorPct" : 0.0,
    "meanResTime" : 16.120000000000008,
    "minResTime" : 3.0,
    "maxResTime" : 255.0,
    "pct1ResTime" : 14.900000000000006,
    "pct2ResTime" : 41.94999999999999,
    "pct3ResTime" : 254.98,
    "throughput" : 18.42978252856616,
    "receivedKBytesPerSec" : 141.5882441024696,
    "sentKBytesPerSec" : 4.031514928123848
  },
  "Access Series Page" : {
    "transaction" : "Access Series Page",
    "sampleCount" : 100,
    "errorCount" : 0,
    "errorPct" : 0.0,
    "meanResTime" : 30.48000000000002,
    "minResTime" : 3.0,
    "maxResTime" : 577.0,
    "pct1ResTime" : 13.0,
    "pct2ResTime" : 57.349999999999625,
    "pct3ResTime" : 577.0,
    "throughput" : 19.308746862328633,
    "receivedKBytesPerSec" : 148.31078634871596,
    "sentKBytesPerSec" : 4.223788376134388
  },
  "Access Detail Movie" : {
    "transaction" : "Access Detail Movie",
    "sampleCount" : 100,
    "errorCount" : 0,
    "errorPct" : 0.0,
    "meanResTime" : 9.889999999999997,
    "minResTime" : 3.0,
    "maxResTime" : 61.0,
    "pct1ResTime" : 14.900000000000006,
    "pct2ResTime" : 40.79999999999973,
    "pct3ResTime" : 60.969999999999985,
    "throughput" : 21.89621195533173,
    "receivedKBytesPerSec" : 169.4574358167287,
    "sentKBytesPerSec" : 5.5595850667834465
  }
}