{
  "Search Video" : {
    "transaction" : "Search Video",
    "sampleCount" : 1000,
    "errorCount" : 0,
    "errorPct" : 0.0,
    "meanResTime" : 1941.6640000000032,
    "minResTime" : 86.0,
    "maxResTime" : 3489.0,
    "pct1ResTime" : 3204.0,
    "pct2ResTime" : 3338.95,
    "pct3ResTime" : 3369.0,
    "throughput" : 36.13630614678567,
    "receivedKBytesPerSec" : 231.9220717734796,
    "sentKBytesPerSec" : 10.79854461026994
  },
  "Total" : {
    "transaction" : "Total",
    "sampleCount" : 7000,
    "errorCount" : 965,
    "errorPct" : 13.785714,
    "meanResTime" : 4949.933999999999,
    "minResTime" : 49.0,
    "maxResTime" : 42915.0,
    "pct1ResTime" : 14741.0,
    "pct2ResTime" : 41256.95,
    "pct3ResTime" : 42513.0,
    "throughput" : 140.72331785376838,
    "receivedKBytesPerSec" : 793.0862484734033,
    "sentKBytesPerSec" : 39.22505427899403
  },
  "Login into Web" : {
    "transaction" : "Login into Web",
    "sampleCount" : 1000,
    "errorCount" : 965,
    "errorPct" : 96.5,
    "meanResTime" : 27856.26300000004,
    "minResTime" : 13191.0,
    "maxResTime" : 42915.0,
    "pct1ResTime" : 42441.9,
    "pct2ResTime" : 42704.8,
    "pct3ResTime" : 42888.0,
    "throughput" : 23.28234499778818,
    "receivedKBytesPerSec" : 21.783453091895414,
    "sentKBytesPerSec" : 12.164115794742846
  },
  "Access Live TV Page" : {
    "transaction" : "Access Live TV Page",
    "sampleCount" : 1000,
    "errorCount" : 0,
    "errorPct" : 0.0,
    "meanResTime" : 917.7480000000002,
    "minResTime" : 54.0,
    "maxResTime" : 2450.0,
    "pct1ResTime" : 1204.0,
    "pct2ResTime" : 1361.9499999999998,
    "pct3ResTime" : 2072.2400000000007,
    "throughput" : 34.923517496682265,
    "receivedKBytesPerSec" : 224.18916732512048,
    "sentKBytesPerSec" : 7.571309457288538
  },
  "Access Animation Page" : {
    "transaction" : "Access Animation Page",
    "sampleCount" : 1000,
    "errorCount" : 0,
    "errorPct" : 0.0,
    "meanResTime" : 903.9430000000001,
    "minResTime" : 49.0,
    "maxResTime" : 2942.0,
    "pct1ResTime" : 1302.0,
    "pct2ResTime" : 1366.0,
    "pct3ResTime" : 2857.99,
    "throughput" : 35.03363228699551,
    "receivedKBytesPerSec" : 224.89467330043092,
    "sentKBytesPerSec" : 7.766244657371076
  },
  "Access Movies Page" : {
    "transaction" : "Access Movies Page",
    "sampleCount" : 1000,
    "errorCount" : 0,
    "errorPct" : 0.0,
    "meanResTime" : 1351.896,
    "minResTime" : 49.0,
    "maxResTime" : 4662.0,
    "pct1ResTime" : 2188.3999999999996,
    "pct2ResTime" : 3465.85,
    "pct3ResTime" : 3703.0,
    "throughput" : 37.98670465337132,
    "receivedKBytesPerSec" : 243.84978929249763,
    "sentKBytesPerSec" : 8.309591642924977
  },
  "Access Series Page" : {
    "transaction" : "Access Series Page",
    "sampleCount" : 1000,
    "errorCount" : 0,
    "errorPct" : 0.0,
    "meanResTime" : 906.9119999999994,
    "minResTime" : 52.0,
    "maxResTime" : 3241.0,
    "pct1ResTime" : 1200.9,
    "pct2ResTime" : 1311.9499999999985,
    "pct3ResTime" : 1949.2000000000007,
    "throughput" : 36.128472849452656,
    "receivedKBytesPerSec" : 231.9189341987608,
    "sentKBytesPerSec" : 7.903103435817768
  },
  "Access Detail Movie" : {
    "transaction" : "Access Detail Movie",
    "sampleCount" : 1000,
    "errorCount" : 0,
    "errorPct" : 0.0,
    "meanResTime" : 771.1119999999994,
    "minResTime" : 51.0,
    "maxResTime" : 1971.0,
    "pct1ResTime" : 1157.9,
    "pct2ResTime" : 1309.7999999999997,
    "pct3ResTime" : 1853.98,
    "throughput" : 34.9454850433324,
    "receivedKBytesPerSec" : 224.33018651060596,
    "sentKBytesPerSec" : 8.872877061783617
  }
}