{
  "Search Video" : {
    "transaction" : "Search Video",
    "sampleCount" : 600,
    "errorCount" : 0,
    "errorPct" : 0.0,
    "meanResTime" : 1007.1700000000005,
    "minResTime" : 99.0,
    "maxResTime" : 2210.0,
    "pct1ResTime" : 1976.4999999999995,
    "pct2ResTime" : 2049.0,
    "pct3ResTime" : 2129.6900000000005,
    "throughput" : 18.397007420126325,
    "receivedKBytesPerSec" : 118.07992254093335,
    "sentKBytesPerSec" : 5.497543232967438
  },
  "Total" : {
    "transaction" : "Total",
    "sampleCount" : 4200,
    "errorCount" : 563,
    "errorPct" : 13.404762,
    "meanResTime" : 5205.722380952378,
    "minResTime" : 26.0,
    "maxResTime" : 37526.0,
    "pct1ResTime" : 35970.7,
    "pct2ResTime" : 36192.9,
    "pct3ResTime" : 37378.99,
    "throughput" : 92.81973082278061,
    "receivedKBytesPerSec" : 526.6215741646224,
    "sentKBytesPerSec" : 25.872464032354305
  },
  "Login into Web" : {
    "transaction" : "Login into Web",
    "sampleCount" : 600,
    "errorCount" : 563,
    "errorPct" : 93.833336,
    "meanResTime" : 31408.4833333333,
    "minResTime" : 6424.0,
    "maxResTime" : 37526.0,
    "pct1ResTime" : 37249.8,
    "pct2ResTime" : 37432.9,
    "pct3ResTime" : 37515.99,
    "throughput" : 15.985506474130121,
    "receivedKBytesPerSec" : 19.83914792255022,
    "sentKBytesPerSec" : 8.351802698886344
  },
  "Access Live TV Page" : {
    "transaction" : "Access Live TV Page",
    "sampleCount" : 600,
    "errorCount" : 0,
    "errorPct" : 0.0,
    "meanResTime" : 877.676666666667,
    "minResTime" : 29.0,
    "maxResTime" : 2990.0,
    "pct1ResTime" : 1382.6,
    "pct2ResTime" : 1663.9499999999998,
    "pct3ResTime" : 1744.9,
    "throughput" : 16.047500601781273,
    "receivedKBytesPerSec" : 102.8826576666934,
    "sentKBytesPerSec" : 3.479047982026799
  },
  "Access Animation Page" : {
    "transaction" : "Access Animation Page",
    "sampleCount" : 600,
    "errorCount" : 0,
    "errorPct" : 0.0,
    "meanResTime" : 851.3766666666664,
    "minResTime" : 29.0,
    "maxResTime" : 3762.0,
    "pct1ResTime" : 1631.8,
    "pct2ResTime" : 1666.0,
    "pct3ResTime" : 1748.97,
    "throughput" : 16.022217474898525,
    "receivedKBytesPerSec" : 102.72056418233284,
    "sentKBytesPerSec" : 3.5518001628925444
  },
  "Access Movies Page" : {
    "transaction" : "Access Movies Page",
    "sampleCount" : 600,
    "errorCount" : 0,
    "errorPct" : 0.0,
    "meanResTime" : 725.2650000000002,
    "minResTime" : 26.0,
    "maxResTime" : 4169.0,
    "pct1ResTime" : 1318.5999999999947,
    "pct2ResTime" : 1664.0,
    "pct3ResTime" : 1766.7900000000002,
    "throughput" : 17.83378908572108,
    "receivedKBytesPerSec" : 114.33479037867079,
    "sentKBytesPerSec" : 3.901141362501486
  },
  "Access Series Page" : {
    "transaction" : "Access Series Page",
    "sampleCount" : 600,
    "errorCount" : 0,
    "errorPct" : 0.0,
    "meanResTime" : 973.2133333333322,
    "minResTime" : 26.0,
    "maxResTime" : 2859.0,
    "pct1ResTime" : 1667.9,
    "pct2ResTime" : 1785.0,
    "pct3ResTime" : 1832.0,
    "throughput" : 17.20676799541153,
    "receivedKBytesPerSec" : 110.31487489245771,
    "sentKBytesPerSec" : 3.763980498996272
  },
  "Access Detail Movie" : {
    "transaction" : "Access Detail Movie",
    "sampleCount" : 600,
    "errorCount" : 0,
    "errorPct" : 0.0,
    "meanResTime" : 596.8716666666662,
    "minResTime" : 27.0,
    "maxResTime" : 1408.0,
    "pct1ResTime" : 1328.6,
    "pct2ResTime" : 1359.8999999999999,
    "pct3ResTime" : 1393.99,
    "throughput" : 16.099170892699025,
    "receivedKBytesPerSec" : 103.21392276422765,
    "sentKBytesPerSec" : 4.087680109474363
  }
}