{
  "Access Home Page" : {
    "transaction" : "Access Home Page",
    "sampleCount" : 100,
    "errorCount" : 0,
    "errorPct" : 0.0,
    "meanResTime" : 1042.24,
    "minResTime" : 211.0,
    "maxResTime" : 1722.0,
    "pct1ResTime" : 1592.5,
    "pct2ResTime" : 1700.399999999999,
    "pct3ResTime" : 1721.96,
    "throughput" : 10.084711577248891,
    "receivedKBytesPerSec" : 198.4836690701896,
    "sentKBytesPerSec" : 1.5067977258975394
  },
  "Single Video Access [Chrome]" : {
    "transaction" : "Single Video Access [Chrome]",
    "sampleCount" : 100,
    "errorCount" : 0,
    "errorPct" : 0.0,
    "meanResTime" : 734.6400000000001,
    "minResTime" : 243.0,
    "maxResTime" : 2229.0,
    "pct1ResTime" : 1209.0,
    "pct2ResTime" : 1389.8499999999997,
    "pct3ResTime" : 2224.439999999998,
    "throughput" : 11.523392486748099,
    "receivedKBytesPerSec" : 56.87424377736805,
    "sentKBytesPerSec" : 6.637991724763769
  },
  "LoginRequest" : {
    "transaction" : "LoginRequest",
    "sampleCount" : 100,
    "errorCount" : 0,
    "errorPct" : 0.0,
    "meanResTime" : 14555.219999999992,
    "minResTime" : 7814.0,
    "maxResTime" : 16959.0,
    "pct1ResTime" : 16301.4,
    "pct2ResTime" : 16439.0,
    "pct3ResTime" : 16958.99,
    "throughput" : 5.89622641509434,
    "receivedKBytesPerSec" : 8.418878519310141,
    "sentKBytesPerSec" : 2.7010359854068393
  },
  "Access Playlist" : {
    "transaction" : "Access Playlist",
    "sampleCount" : 100,
    "errorCount" : 0,
    "errorPct" : 0.0,
    "meanResTime" : 485.13,
    "minResTime" : 71.0,
    "maxResTime" : 1666.0,
    "pct1ResTime" : 955.9,
    "pct2ResTime" : 1003.8499999999997,
    "pct3ResTime" : 1662.029999999998,
    "throughput" : 13.81406271584473,
    "receivedKBytesPerSec" : 269.0774364553115,
    "sentKBytesPerSec" : 2.387782324906755
  },
  "History" : {
    "transaction" : "History",
    "sampleCount" : 100,
    "errorCount" : 0,
    "errorPct" : 0.0,
    "meanResTime" : 818.6700000000003,
    "minResTime" : 140.0,
    "maxResTime" : 2284.0,
    "pct1ResTime" : 1814.7000000000007,
    "pct2ResTime" : 2002.7999999999993,
    "pct3ResTime" : 2283.95,
    "throughput" : 10.625863351397301,
    "receivedKBytesPerSec" : 6.175556695622144,
    "sentKBytesPerSec" : 5.986075968281798
  },
  "Get Continue Watching List" : {
    "transaction" : "Get Continue Watching List",
    "sampleCount" : 100,
    "errorCount" : 0,
    "errorPct" : 0.0,
    "meanResTime" : 644.7700000000003,
    "minResTime" : 125.0,
    "maxResTime" : 1835.0,
    "pct1ResTime" : 1515.1000000000006,
    "pct2ResTime" : 1593.35,
    "pct3ResTime" : 1833.5099999999993,
    "throughput" : 12.78772378516624,
    "receivedKBytesPerSec" : 6.5080023177749355,
    "sentKBytesPerSec" : 7.091567095588235
  },
  "Total" : {
    "transaction" : "Total",
    "sampleCount" : 1200,
    "errorCount" : 0,
    "errorPct" : 0.0,
    "meanResTime" : 1816.9316666666657,
    "minResTime" : 63.0,
    "maxResTime" : 16959.0,
    "pct1ResTime" : 1772.3000000000006,
    "pct2ResTime" : 14991.5,
    "pct3ResTime" : 16290.96,
    "throughput" : 50.0709338229158,
    "receivedKBytesPerSec" : 266.8891199381415,
    "sentKBytesPerSec" : 24.542092182675457
  },
  "Single Video Access [android]" : {
    "transaction" : "Single Video Access [android]",
    "sampleCount" : 100,
    "errorCount" : 0,
    "errorPct" : 0.0,
    "meanResTime" : 722.1300000000003,
    "minResTime" : 163.0,
    "maxResTime" : 1788.0,
    "pct1ResTime" : 1524.3000000000004,
    "pct2ResTime" : 1704.8499999999988,
    "pct3ResTime" : 1787.78,
    "throughput" : 11.748120300751879,
    "receivedKBytesPerSec" : 58.05223507988722,
    "sentKBytesPerSec" : 6.77891781455592
  },
  "Subcription" : {
    "transaction" : "Subcription",
    "sampleCount" : 100,
    "errorCount" : 0,
    "errorPct" : 0.0,
    "meanResTime" : 546.7599999999998,
    "minResTime" : 159.0,
    "maxResTime" : 1833.0,
    "pct1ResTime" : 1013.8000000000002,
    "pct2ResTime" : 1540.199999999997,
    "pct3ResTime" : 1832.95,
    "throughput" : 10.984182776801406,
    "receivedKBytesPerSec" : 6.429179481546574,
    "sentKBytesPerSec" : 6.145028112642795
  },
  "Access Detail Movie" : {
    "transaction" : "Access Detail Movie",
    "sampleCount" : 100,
    "errorCount" : 0,
    "errorPct" : 0.0,
    "meanResTime" : 441.35,
    "minResTime" : 63.0,
    "maxResTime" : 1357.0,
    "pct1ResTime" : 905.3000000000001,
    "pct2ResTime" : 1071.5999999999992,
    "pct3ResTime" : 1355.3199999999993,
    "throughput" : 12.444001991040318,
    "receivedKBytesPerSec" : 16.600104218516677,
    "sentKBytesPerSec" : 6.888800203770533
  },
  "Access Favorite Page" : {
    "transaction" : "Access Favorite Page",
    "sampleCount" : 100,
    "errorCount" : 0,
    "errorPct" : 0.0,
    "meanResTime" : 490.4699999999998,
    "minResTime" : 155.0,
    "maxResTime" : 2092.0,
    "pct1ResTime" : 825.8000000000002,
    "pct2ResTime" : 1222.9,
    "pct3ResTime" : 2083.7599999999957,
    "throughput" : 9.797198001371608,
    "receivedKBytesPerSec" : 5.931992903154697,
    "sentKBytesPerSec" : 5.557517971735083
  },
  "Single Video Access [Firefox]" : {
    "transaction" : "Single Video Access [Firefox]",
    "sampleCount" : 100,
    "errorCount" : 0,
    "errorPct" : 0.0,
    "meanResTime" : 725.52,
    "minResTime" : 223.0,
    "maxResTime" : 2551.0,
    "pct1ResTime" : 1404.1000000000008,
    "pct2ResTime" : 1591.1499999999992,
    "pct3ResTime" : 2543.379999999996,
    "throughput" : 11.622501162250117,
    "receivedKBytesPerSec" : 57.431499883775,
    "sentKBytesPerSec" : 6.7064328727917255
  },
  "Single Video Access [ios]" : {
    "transaction" : "Single Video Access [ios]",
    "sampleCount" : 100,
    "errorCount" : 0,
    "errorPct" : 0.0,
    "meanResTime" : 596.2800000000002,
    "minResTime" : 155.0,
    "maxResTime" : 1722.0,
    "pct1ResTime" : 1217.9000000000003,
    "pct2ResTime" : 1606.7999999999995,
    "pct3ResTime" : 1721.85,
    "throughput" : 12.091898428053204,
    "receivedKBytesPerSec" : 59.75098246674728,
    "sentKBytesPerSec" : 6.9300512016324065
  }
}