{
  "Total" : {
    "transaction" : "Total",
    "sampleCount" : 100,
    "errorCount" : 0,
    "errorPct" : 0.0,
    "meanResTime" : 10038.980000000001,
    "minResTime" : 7822.0,
    "maxResTime" : 12619.0,
    "pct1ResTime" : 12050.9,
    "pct2ResTime" : 12197.85,
    "pct3ResTime" : 12616.039999999999,
    "throughput" : 7.9239302694136295,
    "receivedKBytesPerSec" : 12.460689877179082,
    "sentKBytesPerSec" : 4.002049078843107
  },
  "Login into Web" : {
    "transaction" : "Login into Web",
    "sampleCount" : 100,
    "errorCount" : 0,
    "errorPct" : 0.0,
    "meanResTime" : 10038.980000000001,
    "minResTime" : 7822.0,
    "maxResTime" : 12619.0,
    "pct1ResTime" : 12050.9,
    "pct2ResTime" : 12197.85,
    "pct3ResTime" : 12616.039999999999,
    "throughput" : 7.9239302694136295,
    "receivedKBytesPerSec" : 12.460689877179082,
    "sentKBytesPerSec" : 4.002049078843107
  }
}