{
  "Total" : {
    "transaction" : "Total",
    "sampleCount" : 500,
    "errorCount" : 440,
    "errorPct" : 88.0,
    "meanResTime" : 37663.05400000002,
    "minResTime" : 11388.0,
    "maxResTime" : 39950.0,
    "pct1ResTime" : 39892.0,
    "pct2ResTime" : 39936.0,
    "pct3ResTime" : 39940.99,
    "throughput" : 12.514078338130396,
    "receivedKBytesPerSec" : 12.459793635026905,
    "sentKBytesPerSec" : 6.231253324052059
  },
  "Login into Web" : {
    "transaction" : "Login into Web",
    "sampleCount" : 500,
    "errorCount" : 440,
    "errorPct" : 88.0,
    "meanResTime" : 37663.05400000002,
    "minResTime" : 11388.0,
    "maxResTime" : 39950.0,
    "pct1ResTime" : 39892.0,
    "pct2ResTime" : 39936.0,
    "pct3ResTime" : 39940.99,
    "throughput" : 12.514078338130396,
    "receivedKBytesPerSec" : 12.459793635026905,
    "sentKBytesPerSec" : 6.231253324052059
  }
}