{
  "Access Home Page" : {
    "transaction" : "Access Home Page",
    "sampleCount" : 400,
    "errorCount" : 0,
    "errorPct" : 0.0,
    "meanResTime" : 3122.567500000001,
    "minResTime" : 199.0,
    "maxResTime" : 5820.0,
    "pct1ResTime" : 4814.0,
    "pct2ResTime" : 5125.0,
    "pct3ResTime" : 5523.140000000001,
    "throughput" : 13.513970066556302,
    "receivedKBytesPerSec" : 265.9771022669685,
    "sentKBytesPerSec" : 2.0191771681475728
  },
  "Single Video Access [Chrome]" : {
    "transaction" : "Single Video Access [Chrome]",
    "sampleCount" : 400,
    "errorCount" : 340,
    "errorPct" : 85.0,
    "meanResTime" : 1271.1025000000002,
    "minResTime" : 53.0,
    "maxResTime" : 7503.0,
    "pct1ResTime" : 2128.000000000002,
    "pct2ResTime" : 3309.0,
    "pct3ResTime" : 7156.880000000032,
    "throughput" : 10.23122570083896,
    "receivedKBytesPerSec" : 12.372889010384695,
    "sentKBytesPerSec" : 2.599770436873338
  },
  "LoginRequest" : {
    "transaction" : "LoginRequest",
    "sampleCount" : 400,
    "errorCount" : 340,
    "errorPct" : 85.0,
    "meanResTime" : 31915.20999999999,
    "minResTime" : 9326.0,
    "maxResTime" : 34568.0,
    "pct1ResTime" : 34126.9,
    "pct2ResTime" : 34370.95,
    "pct3ResTime" : 34545.23,
    "throughput" : 11.544677903486493,
    "receivedKBytesPerSec" : 15.802341585372892,
    "sentKBytesPerSec" : 5.2878063398320245
  },
  "Access Playlist" : {
    "transaction" : "Access Playlist",
    "sampleCount" : 400,
    "errorCount" : 0,
    "errorPct" : 0.0,
    "meanResTime" : 1711.045000000001,
    "minResTime" : 64.0,
    "maxResTime" : 4191.0,
    "pct1ResTime" : 4000.8,
    "pct2ResTime" : 4113.65,
    "pct3ResTime" : 4182.95,
    "throughput" : 10.186670741334964,
    "receivedKBytesPerSec" : 198.4212252018234,
    "sentKBytesPerSec" : 1.7607819543127816
  },
  "History" : {
    "transaction" : "History",
    "sampleCount" : 400,
    "errorCount" : 340,
    "errorPct" : 85.0,
    "meanResTime" : 619.6500000000001,
    "minResTime" : 109.0,
    "maxResTime" : 3710.0,
    "pct1ResTime" : 1269.8000000000002,
    "pct2ResTime" : 1894.2499999999993,
    "pct3ResTime" : 3232.86,
    "throughput" : 9.732123306002286,
    "receivedKBytesPerSec" : 5.3441141943018415,
    "sentKBytesPerSec" : 2.349395391839615
  },
  "Get Continue Watching List" : {
    "transaction" : "Get Continue Watching List",
    "sampleCount" : 400,
    "errorCount" : 340,
    "errorPct" : 85.0,
    "meanResTime" : 630.0600000000004,
    "minResTime" : 90.0,
    "maxResTime" : 3796.0,
    "pct1ResTime" : 1267.0,
    "pct2ResTime" : 2038.9999999999984,
    "pct3ResTime" : 3343.8900000000012,
    "throughput" : 9.825595676737903,
    "receivedKBytesPerSec" : 5.288933922869074,
    "sentKBytesPerSec" : 2.28560243183493
  },
  "Total" : {
    "transaction" : "Total",
    "sampleCount" : 4800,
    "errorCount" : 3060,
    "errorPct" : 63.75,
    "meanResTime" : 3847.066458333347,
    "minResTime" : 44.0,
    "maxResTime" : 34568.0,
    "pct1ResTime" : 4404.300000000069,
    "pct2ResTime" : 33588.8,
    "pct3ResTime" : 34101.979999999996,
    "throughput" : 85.41989215738616,
    "receivedKBytesPerSec" : 348.07344358950405,
    "sentKBytesPerSec" : 21.2425153322033
  },
  "Single Video Access [android]" : {
    "transaction" : "Single Video Access [android]",
    "sampleCount" : 400,
    "errorCount" : 340,
    "errorPct" : 85.0,
    "meanResTime" : 529.6475,
    "minResTime" : 60.0,
    "maxResTime" : 4543.0,
    "pct1ResTime" : 1602.1000000000004,
    "pct2ResTime" : 2048.5499999999993,
    "pct3ResTime" : 3950.720000000001,
    "throughput" : 10.655301012253597,
    "receivedKBytesPerSec" : 12.894318976425147,
    "sentKBytesPerSec" : 2.7179342035162493
  },
  "Subcription" : {
    "transaction" : "Subcription",
    "sampleCount" : 400,
    "errorCount" : 340,
    "errorPct" : 85.0,
    "meanResTime" : 1150.5600000000002,
    "minResTime" : 137.0,
    "maxResTime" : 4011.0,
    "pct1ResTime" : 1859.2000000000025,
    "pct2ResTime" : 2892.65,
    "pct3ResTime" : 3823.0,
    "throughput" : 9.608455440787894,
    "receivedKBytesPerSec" : 5.276205560893586,
    "sentKBytesPerSec" : 2.2820081671871244
  },
  "Access Detail Movie" : {
    "transaction" : "Access Detail Movie",
    "sampleCount" : 400,
    "errorCount" : 0,
    "errorPct" : 0.0,
    "meanResTime" : 1886.5550000000012,
    "minResTime" : 44.0,
    "maxResTime" : 4074.0,
    "pct1ResTime" : 3569.9000000000005,
    "pct2ResTime" : 3828.95,
    "pct3ResTime" : 4049.0,
    "throughput" : 10.231487402481136,
    "receivedKBytesPerSec" : 13.742066600588311,
    "sentKBytesPerSec" : 2.370028136590357
  },
  "Access Favorite Page" : {
    "transaction" : "Access Favorite Page",
    "sampleCount" : 400,
    "errorCount" : 340,
    "errorPct" : 85.0,
    "meanResTime" : 2223.774999999998,
    "minResTime" : 450.0,
    "maxResTime" : 31215.0,
    "pct1ResTime" : 2875.7000000000003,
    "pct2ResTime" : 3061.65,
    "pct3ResTime" : 3801.91,
    "throughput" : 9.647620655555825,
    "receivedKBytesPerSec" : 5.304778134873737,
    "sentKBytesPerSec" : 2.366681942066038
  },
  "Single Video Access [Firefox]" : {
    "transaction" : "Single Video Access [Firefox]",
    "sampleCount" : 400,
    "errorCount" : 340,
    "errorPct" : 85.0,
    "meanResTime" : 656.2750000000001,
    "minResTime" : 55.0,
    "maxResTime" : 6835.0,
    "pct1ResTime" : 1828.100000000001,
    "pct2ResTime" : 2277.0999999999995,
    "pct3ResTime" : 4536.240000000005,
    "throughput" : 10.424811050299713,
    "receivedKBytesPerSec" : 12.61554844279385,
    "sentKBytesPerSec" : 2.6591412561897316
  },
  "Single Video Access [ios]" : {
    "transaction" : "Single Video Access [ios]",
    "sampleCount" : 400,
    "errorCount" : 340,
    "errorPct" : 85.0,
    "meanResTime" : 448.35000000000025,
    "minResTime" : 58.0,
    "maxResTime" : 4484.0,
    "pct1ResTime" : 1566.8000000000004,
    "pct2ResTime" : 2006.85,
    "pct3ResTime" : 3834.6600000000003,
    "throughput" : 11.137407768341918,
    "receivedKBytesPerSec" : 13.478221147153,
    "sentKBytesPerSec" : 2.7974035918140054
  }
}