{
  "Total" : {
    "transaction" : "Total",
    "sampleCount" : 300,
    "errorCount" : 5,
    "errorPct" : 1.6666666,
    "meanResTime" : 18588.65,
    "minResTime" : 5577.0,
    "maxResTime" : 25955.0,
    "pct1ResTime" : 25000.8,
    "pct2ResTime" : 25512.45,
    "pct3ResTime" : 25923.99,
    "throughput" : 11.55757599106214,
    "receivedKBytesPerSec" : 18.385725671302538,
    "sentKBytesPerSec" : 5.739698407462342
  },
  "Login into Web" : {
    "transaction" : "Login into Web",
    "sampleCount" : 300,
    "errorCount" : 5,
    "errorPct" : 1.6666666,
    "meanResTime" : 18588.65,
    "minResTime" : 5577.0,
    "maxResTime" : 25955.0,
    "pct1ResTime" : 25000.8,
    "pct2ResTime" : 25512.45,
    "pct3ResTime" : 25923.99,
    "throughput" : 11.55757599106214,
    "receivedKBytesPerSec" : 18.385725671302538,
    "sentKBytesPerSec" : 5.739698407462342
  }
}