{
  "Search Video" : {
    "transaction" : "Search Video",
    "sampleCount" : 200,
    "errorCount" : 0,
    "errorPct" : 0.0,
    "meanResTime" : 144.67000000000007,
    "minResTime" : 24.0,
    "maxResTime" : 480.0,
    "pct1ResTime" : 477.0,
    "pct2ResTime" : 478.0,
    "pct3ResTime" : 480.0,
    "throughput" : 23.12406058503873,
    "receivedKBytesPerSec" : 25.64309277084056,
    "sentKBytesPerSec" : 7.587582379465835
  },
  "Total" : {
    "transaction" : "Total",
    "sampleCount" : 1400,
    "errorCount" : 1,
    "errorPct" : 0.071428575,
    "meanResTime" : 1892.4307142857176,
    "minResTime" : 2.0,
    "maxResTime" : 17718.0,
    "pct1ResTime" : 10992.300000000007,
    "pct2ResTime" : 14333.150000000001,
    "pct3ResTime" : 17134.85,
    "throughput" : 78.14680435389339,
    "receivedKBytesPerSec" : 460.0767186191739,
    "sentKBytesPerSec" : 21.788818291236396
  },
  "Login into Web" : {
    "transaction" : "Login into Web",
    "sampleCount" : 200,
    "errorCount" : 1,
    "errorPct" : 0.5,
    "meanResTime" : 12937.194999999998,
    "minResTime" : 8719.0,
    "maxResTime" : 17718.0,
    "pct1ResTime" : 17035.1,
    "pct2ResTime" : 17314.45,
    "pct3ResTime" : 17593.46,
    "throughput" : 11.224604332697272,
    "receivedKBytesPerSec" : 17.701935455017395,
    "sentKBytesPerSec" : 5.651489627764058
  },
  "Access Live TV Page" : {
    "transaction" : "Access Live TV Page",
    "sampleCount" : 200,
    "errorCount" : 0,
    "errorPct" : 0.0,
    "meanResTime" : 20.980000000000008,
    "minResTime" : 3.0,
    "maxResTime" : 118.0,
    "pct1ResTime" : 75.0,
    "pct2ResTime" : 81.94999999999999,
    "pct3ResTime" : 105.99000000000001,
    "throughput" : 25.393600812595228,
    "receivedKBytesPerSec" : 195.2495119667344,
    "sentKBytesPerSec" : 5.480454862874556
  },
  "Access Animation Page" : {
    "transaction" : "Access Animation Page",
    "sampleCount" : 200,
    "errorCount" : 0,
    "errorPct" : 0.0,
    "meanResTime" : 20.14499999999999,
    "minResTime" : 2.0,
    "maxResTime" : 132.0,
    "pct1ResTime" : 75.9,
    "pct2ResTime" : 89.84999999999997,
    "pct3ResTime" : 104.98000000000002,
    "throughput" : 25.185744868404484,
    "receivedKBytesPerSec" : 194.11642307329052,
    "sentKBytesPerSec" : 5.558572597909583
  },
  "Access Movies Page" : {
    "transaction" : "Access Movies Page",
    "sampleCount" : 200,
    "errorCount" : 0,
    "errorPct" : 0.0,
    "meanResTime" : 56.23000000000001,
    "minResTime" : 8.0,
    "maxResTime" : 227.0,
    "pct1ResTime" : 187.0,
    "pct2ResTime" : 199.95,
    "pct3ResTime" : 225.94000000000005,
    "throughput" : 24.396194193705785,
    "receivedKBytesPerSec" : 187.58290894120518,
    "sentKBytesPerSec" : 5.193721029519395
  },
  "Access Series Page" : {
    "transaction" : "Access Series Page",
    "sampleCount" : 200,
    "errorCount" : 0,
    "errorPct" : 0.0,
    "meanResTime" : 43.28999999999999,
    "minResTime" : 7.0,
    "maxResTime" : 1110.0,
    "pct1ResTime" : 89.0,
    "pct2ResTime" : 95.94999999999999,
    "pct3ResTime" : 1098.9600000000091,
    "throughput" : 24.94076568150642,
    "receivedKBytesPerSec" : 191.84125202643722,
    "sentKBytesPerSec" : 5.431436276343684
  },
  "Access Detail Movie" : {
    "transaction" : "Access Detail Movie",
    "sampleCount" : 200,
    "errorCount" : 0,
    "errorPct" : 0.0,
    "meanResTime" : 24.505000000000027,
    "minResTime" : 2.0,
    "maxResTime" : 134.0,
    "pct1ResTime" : 96.9,
    "pct2ResTime" : 108.89999999999998,
    "pct3ResTime" : 131.98000000000002,
    "throughput" : 25.64102564102564,
    "receivedKBytesPerSec" : 198.6706229967949,
    "sentKBytesPerSec" : 6.485376602564103
  }
}