{
  "Access Home Page" : {
    "transaction" : "Access Home Page",
    "sampleCount" : 200,
    "errorCount" : 0,
    "errorPct" : 0.0,
    "meanResTime" : 827.545,
    "minResTime" : 215.0,
    "maxResTime" : 1517.0,
    "pct1ResTime" : 1334.4,
    "pct2ResTime" : 1402.9,
    "pct3ResTime" : 1511.0,
    "throughput" : 7.623985056989288,
    "receivedKBytesPerSec" : 150.0525340220333,
    "sentKBytesPerSec" : 1.1391305798040636
  },
  "Single Video Access [Chrome]" : {
    "transaction" : "Single Video Access [Chrome]",
    "sampleCount" : 200,
    "errorCount" : 35,
    "errorPct" : 17.5,
    "meanResTime" : 830.6150000000001,
    "minResTime" : 59.0,
    "maxResTime" : 2793.0,
    "pct1ResTime" : 1682.0,
    "pct2ResTime" : 1834.75,
    "pct3ResTime" : 2141.5700000000015,
    "throughput" : 8.613635384814161,
    "receivedKBytesPerSec" : 35.904938102954475,
    "sentKBytesPerSec" : 4.391313754360652
  },
  "LoginRequest" : {
    "transaction" : "LoginRequest",
    "sampleCount" : 200,
    "errorCount" : 35,
    "errorPct" : 17.5,
    "meanResTime" : 27720.595,
    "minResTime" : 8277.0,
    "maxResTime" : 33620.0,
    "pct1ResTime" : 33146.5,
    "pct2ResTime" : 33335.0,
    "pct3ResTime" : 33615.99,
    "throughput" : 5.946187007581388,
    "receivedKBytesPerSec" : 8.417861323769882,
    "sentKBytesPerSec" : 2.7236614111045045
  },
  "Access Playlist" : {
    "transaction" : "Access Playlist",
    "sampleCount" : 200,
    "errorCount" : 0,
    "errorPct" : 0.0,
    "meanResTime" : 500.1200000000001,
    "minResTime" : 74.0,
    "maxResTime" : 1524.0,
    "pct1ResTime" : 896.0,
    "pct2ResTime" : 1015.0,
    "pct3ResTime" : 1353.7500000000002,
    "throughput" : 9.047317470370036,
    "receivedKBytesPerSec" : 176.2283147109382,
    "sentKBytesPerSec" : 1.563842961187008
  },
  "History" : {
    "transaction" : "History",
    "sampleCount" : 200,
    "errorCount" : 35,
    "errorPct" : 17.5,
    "meanResTime" : 656.2899999999998,
    "minResTime" : 133.0,
    "maxResTime" : 1942.0,
    "pct1ResTime" : 1335.8,
    "pct2ResTime" : 1647.95,
    "pct3ResTime" : 1876.1900000000007,
    "throughput" : 8.256274768824307,
    "receivedKBytesPerSec" : 4.629762515996532,
    "sentKBytesPerSec" : 4.104311904000165
  },
  "Get Continue Watching List" : {
    "transaction" : "Get Continue Watching List",
    "sampleCount" : 200,
    "errorCount" : 35,
    "errorPct" : 17.5,
    "meanResTime" : 778.8000000000002,
    "minResTime" : 81.0,
    "maxResTime" : 1886.0,
    "pct1ResTime" : 1247.9,
    "pct2ResTime" : 1366.8,
    "pct3ResTime" : 1876.700000000002,
    "throughput" : 8.692250858359772,
    "receivedKBytesPerSec" : 4.356057004867661,
    "sentKBytesPerSec" : 4.244645098113781
  },
  "Total" : {
    "transaction" : "Total",
    "sampleCount" : 2400,
    "errorCount" : 315,
    "errorPct" : 13.125,
    "meanResTime" : 2944.1324999999983,
    "minResTime" : 57.0,
    "maxResTime" : 33620.0,
    "pct1ResTime" : 1906.0,
    "pct2ResTime" : 29661.949999999997,
    "pct3ResTime" : 33116.88,
    "throughput" : 60.01350303818359,
    "receivedKBytesPerSec" : 304.06314076917306,
    "sentKBytesPerSec" : 26.433926149008528
  },
  "Single Video Access [android]" : {
    "transaction" : "Single Video Access [android]",
    "sampleCount" : 200,
    "errorCount" : 35,
    "errorPct" : 17.5,
    "meanResTime" : 814.5499999999998,
    "minResTime" : 71.0,
    "maxResTime" : 2135.0,
    "pct1ResTime" : 1646.2,
    "pct2ResTime" : 1904.7499999999998,
    "pct3ResTime" : 2122.9,
    "throughput" : 8.893632159373887,
    "receivedKBytesPerSec" : 37.115063797914445,
    "sentKBytesPerSec" : 4.542743977343473
  },
  "Subcription" : {
    "transaction" : "Subcription",
    "sampleCount" : 200,
    "errorCount" : 35,
    "errorPct" : 17.5,
    "meanResTime" : 528.2549999999994,
    "minResTime" : 107.0,
    "maxResTime" : 1781.0,
    "pct1ResTime" : 1081.8000000000002,
    "pct2ResTime" : 1266.0499999999997,
    "pct3ResTime" : 1778.5400000000004,
    "throughput" : 7.8848807411787885,
    "receivedKBytesPerSec" : 4.4377864429331755,
    "sentKBytesPerSec" : 3.8888863221959395
  },
  "Access Detail Movie" : {
    "transaction" : "Access Detail Movie",
    "sampleCount" : 200,
    "errorCount" : 0,
    "errorPct" : 0.0,
    "meanResTime" : 373.7499999999999,
    "minResTime" : 57.0,
    "maxResTime" : 1690.0,
    "pct1ResTime" : 781.2000000000007,
    "pct2ResTime" : 1046.6,
    "pct3ResTime" : 1270.6200000000003,
    "throughput" : 8.837825894829873,
    "receivedKBytesPerSec" : 11.806135729673,
    "sentKBytesPerSec" : 4.3071023668802475
  },
  "Access Favorite Page" : {
    "transaction" : "Access Favorite Page",
    "sampleCount" : 200,
    "errorCount" : 35,
    "errorPct" : 17.5,
    "meanResTime" : 596.9400000000002,
    "minResTime" : 81.0,
    "maxResTime" : 1833.0,
    "pct1ResTime" : 1304.200000000001,
    "pct2ResTime" : 1641.6499999999996,
    "pct3ResTime" : 1815.8700000000001,
    "throughput" : 7.669005713409256,
    "receivedKBytesPerSec" : 4.405783868246481,
    "sentKBytesPerSec" : 3.8423291369492696
  },
  "Single Video Access [Firefox]" : {
    "transaction" : "Single Video Access [Firefox]",
    "sampleCount" : 200,
    "errorCount" : 35,
    "errorPct" : 17.5,
    "meanResTime" : 959.9899999999998,
    "minResTime" : 64.0,
    "maxResTime" : 2782.0,
    "pct1ResTime" : 1835.0,
    "pct2ResTime" : 2004.9,
    "pct3ResTime" : 2634.1400000000026,
    "throughput" : 8.751203290452437,
    "receivedKBytesPerSec" : 36.52067711068084,
    "sentKBytesPerSec" : 4.4699932861862255
  },
  "Single Video Access [ios]" : {
    "transaction" : "Single Video Access [ios]",
    "sampleCount" : 200,
    "errorCount" : 35,
    "errorPct" : 17.5,
    "meanResTime" : 742.1399999999996,
    "minResTime" : 66.0,
    "maxResTime" : 2336.0,
    "pct1ResTime" : 1579.0000000000002,
    "pct2ResTime" : 1905.2499999999998,
    "pct3ResTime" : 2135.940000000001,
    "throughput" : 9.204712812960237,
    "receivedKBytesPerSec" : 38.41327111043354,
    "sentKBytesPerSec" : 4.665683751956001
  }
}