{
  "Search Video" : {
    "transaction" : "Search Video",
    "sampleCount" : 50,
    "errorCount" : 0,
    "errorPct" : 0.0,
    "meanResTime" : 96.02000000000001,
    "minResTime" : 8.0,
    "maxResTime" : 292.0,
    "pct1ResTime" : 288.7,
    "pct2ResTime" : 290.45,
    "pct3ResTime" : 292.0,
    "throughput" : 18.839487565938207,
    "receivedKBytesPerSec" : 147.16068316691786,
    "sentKBytesPerSec" : 5.629768745290129
  },
  "Total" : {
    "transaction" : "Total",
    "sampleCount" : 350,
    "errorCount" : 0,
    "errorPct" : 0.0,
    "meanResTime" : 3711.1542857142886,
    "minResTime" : 3.0,
    "maxResTime" : 20832.0,
    "pct1ResTime" : 19474.7,
    "pct2ResTime" : 20675.45,
    "pct3ResTime" : 20776.78,
    "throughput" : 13.332825416174622,
    "receivedKBytesPerSec" : 91.24525910917679,
    "sentKBytesPerSec" : 3.6830814183269207
  },
  "Login into Web" : {
    "transaction" : "Login into Web",
    "sampleCount" : 50,
    "errorCount" : 0,
    "errorPct" : 0.0,
    "meanResTime" : 5041.260000000001,
    "minResTime" : 3354.0,
    "maxResTime" : 6186.0,
    "pct1ResTime" : 6006.3,
    "pct2ResTime" : 6013.45,
    "pct3ResTime" : 6186.0,
    "throughput" : 8.078849571820973,
    "receivedKBytesPerSec" : 12.679691286960736,
    "sentKBytesPerSec" : 4.079661243738892
  },
  "Access Live TV Page" : {
    "transaction" : "Access Live TV Page",
    "sampleCount" : 50,
    "errorCount" : 0,
    "errorPct" : 0.0,
    "meanResTime" : 210.72000000000003,
    "minResTime" : 125.0,
    "maxResTime" : 358.0,
    "pct1ResTime" : 339.8,
    "pct2ResTime" : 345.15,
    "pct3ResTime" : 358.0,
    "throughput" : 135.86956521739128,
    "receivedKBytesPerSec" : 1044.8953379755435,
    "sentKBytesPerSec" : 29.456097146739133
  },
  "Access Animation Page" : {
    "transaction" : "Access Animation Page",
    "sampleCount" : 50,
    "errorCount" : 0,
    "errorPct" : 0.0,
    "meanResTime" : 112.64,
    "minResTime" : 85.0,
    "maxResTime" : 138.0,
    "pct1ResTime" : 131.0,
    "pct2ResTime" : 133.0,
    "pct3ResTime" : 138.0,
    "throughput" : 303.03030303030306,
    "receivedKBytesPerSec" : 2336.055871212121,
    "sentKBytesPerSec" : 67.17566287878788
  },
  "Access Movies Page" : {
    "transaction" : "Access Movies Page",
    "sampleCount" : 50,
    "errorCount" : 0,
    "errorPct" : 0.0,
    "meanResTime" : 141.26000000000008,
    "minResTime" : 3.0,
    "maxResTime" : 1102.0,
    "pct1ResTime" : 1070.8999999999996,
    "pct2ResTime" : 1101.45,
    "pct3ResTime" : 1102.0,
    "throughput" : 20.74688796680498,
    "receivedKBytesPerSec" : 159.41876296680496,
    "sentKBytesPerSec" : 4.538381742738589
  },
  "Access Series Page" : {
    "transaction" : "Access Series Page",
    "sampleCount" : 50,
    "errorCount" : 0,
    "errorPct" : 0.0,
    "meanResTime" : 20215.0,
    "minResTime" : 19410.0,
    "maxResTime" : 20832.0,
    "pct1ResTime" : 20754.4,
    "pct2ResTime" : 20800.6,
    "pct3ResTime" : 20832.0,
    "throughput" : 2.3979665243873196,
    "receivedKBytesPerSec" : 18.44373471296341,
    "sentKBytesPerSec" : 0.5245551772097262
  },
  "Access Detail Movie" : {
    "transaction" : "Access Detail Movie",
    "sampleCount" : 50,
    "errorCount" : 0,
    "errorPct" : 0.0,
    "meanResTime" : 161.17999999999995,
    "minResTime" : 41.0,
    "maxResTime" : 227.0,
    "pct1ResTime" : 218.9,
    "pct2ResTime" : 220.45,
    "pct3ResTime" : 227.0,
    "throughput" : 154.320987654321,
    "receivedKBytesPerSec" : 1195.9876543209875,
    "sentKBytesPerSec" : 39.18306327160494
  }
}