{
  "Access Home Page" : {
    "transaction" : "Access Home Page",
    "sampleCount" : 250,
    "errorCount" : 0,
    "errorPct" : 0.0,
    "meanResTime" : 1626.0160000000005,
    "minResTime" : 203.0,
    "maxResTime" : 4011.0,
    "pct1ResTime" : 2559.9,
    "pct2ResTime" : 2664.35,
    "pct3ResTime" : 3839.8100000000013,
    "throughput" : 9.165902841429881,
    "receivedKBytesPerSec" : 180.40000572868928,
    "sentKBytesPerSec" : 1.3695147800183318
  },
  "Single Video Access [Chrome]" : {
    "transaction" : "Single Video Access [Chrome]",
    "sampleCount" : 250,
    "errorCount" : 195,
    "errorPct" : 78.0,
    "meanResTime" : 859.4760000000005,
    "minResTime" : 73.0,
    "maxResTime" : 3207.0,
    "pct1ResTime" : 1463.1000000000001,
    "pct2ResTime" : 1896.6999999999998,
    "pct3ResTime" : 2703.7100000000028,
    "throughput" : 9.856878129558806,
    "receivedKBytesPerSec" : 14.944913912490636,
    "sentKBytesPerSec" : 2.7659709148168594
  },
  "LoginRequest" : {
    "transaction" : "LoginRequest",
    "sampleCount" : 250,
    "errorCount" : 195,
    "errorPct" : 78.0,
    "meanResTime" : 31841.376000000004,
    "minResTime" : 12127.0,
    "maxResTime" : 35719.0,
    "pct1ResTime" : 35331.3,
    "pct2ResTime" : 35579.45,
    "pct3ResTime" : 35716.0,
    "throughput" : 6.998488326521471,
    "receivedKBytesPerSec" : 9.61332586536308,
    "sentKBytesPerSec" : 3.205608369842114
  },
  "Access Playlist" : {
    "transaction" : "Access Playlist",
    "sampleCount" : 250,
    "errorCount" : 0,
    "errorPct" : 0.0,
    "meanResTime" : 846.1160000000001,
    "minResTime" : 63.0,
    "maxResTime" : 4534.0,
    "pct1ResTime" : 1775.0,
    "pct2ResTime" : 2171.75,
    "pct3ResTime" : 4525.9400000000005,
    "throughput" : 9.856878129558806,
    "receivedKBytesPerSec" : 191.99735466033198,
    "sentKBytesPerSec" : 1.703776786066317
  },
  "History" : {
    "transaction" : "History",
    "sampleCount" : 250,
    "errorCount" : 195,
    "errorPct" : 78.0,
    "meanResTime" : 1063.807999999999,
    "minResTime" : 125.0,
    "maxResTime" : 4231.0,
    "pct1ResTime" : 1830.7,
    "pct2ResTime" : 2000.6999999999998,
    "pct3ResTime" : 2145.49,
    "throughput" : 9.076057360682519,
    "receivedKBytesPerSec" : 4.972686739880196,
    "sentKBytesPerSec" : 2.4316388523325467
  },
  "Get Continue Watching List" : {
    "transaction" : "Get Continue Watching List",
    "sampleCount" : 250,
    "errorCount" : 195,
    "errorPct" : 78.0,
    "meanResTime" : 861.6360000000009,
    "minResTime" : 128.0,
    "maxResTime" : 4277.0,
    "pct1ResTime" : 1782.0,
    "pct2ResTime" : 1940.6,
    "pct3ResTime" : 4271.41,
    "throughput" : 9.468262384487199,
    "receivedKBytesPerSec" : 5.037041617747311,
    "sentKBytesPerSec" : 2.453500475780185
  },
  "Total" : {
    "transaction" : "Total",
    "sampleCount" : 3000,
    "errorCount" : 1755,
    "errorPct" : 58.5,
    "meanResTime" : 3451.3210000000113,
    "minResTime" : 52.0,
    "maxResTime" : 35719.0,
    "pct1ResTime" : 2573.8,
    "pct2ResTime" : 34119.7,
    "pct3ResTime" : 35284.78,
    "throughput" : 67.12610758077508,
    "receivedKBytesPerSec" : 280.37187601388393,
    "sentKBytesPerSec" : 18.027948584198516
  },
  "Single Video Access [android]" : {
    "transaction" : "Single Video Access [android]",
    "sampleCount" : 250,
    "errorCount" : 195,
    "errorPct" : 78.0,
    "meanResTime" : 551.5400000000001,
    "minResTime" : 59.0,
    "maxResTime" : 2892.0,
    "pct1ResTime" : 1873.0,
    "pct2ResTime" : 2217.5999999999995,
    "pct3ResTime" : 2747.680000000001,
    "throughput" : 10.627444312191804,
    "receivedKBytesPerSec" : 16.12693917647934,
    "sentKBytesPerSec" : 2.9925803833319162
  },
  "Subcription" : {
    "transaction" : "Subcription",
    "sampleCount" : 250,
    "errorCount" : 195,
    "errorPct" : 78.0,
    "meanResTime" : 883.4079999999998,
    "minResTime" : 131.0,
    "maxResTime" : 2355.0,
    "pct1ResTime" : 1732.5,
    "pct2ResTime" : 1865.1499999999999,
    "pct3ResTime" : 2287.3200000000006,
    "throughput" : 9.167583425009166,
    "receivedKBytesPerSec" : 5.022833012467913,
    "sentKBytesPerSec" : 2.420349456820682
  },
  "Access Detail Movie" : {
    "transaction" : "Access Detail Movie",
    "sampleCount" : 250,
    "errorCount" : 0,
    "errorPct" : 0.0,
    "meanResTime" : 603.8519999999996,
    "minResTime" : 52.0,
    "maxResTime" : 2963.0,
    "pct1ResTime" : 1247.6,
    "pct2ResTime" : 1451.1499999999994,
    "pct3ResTime" : 2320.3900000000003,
    "throughput" : 9.845620667926905,
    "receivedKBytesPerSec" : 13.216399665741179,
    "sentKBytesPerSec" : 2.5416700510987713
  },
  "Access Favorite Page" : {
    "transaction" : "Access Favorite Page",
    "sampleCount" : 250,
    "errorCount" : 195,
    "errorPct" : 78.0,
    "meanResTime" : 1095.9680000000005,
    "minResTime" : 162.0,
    "maxResTime" : 2236.0,
    "pct1ResTime" : 1857.9,
    "pct2ResTime" : 1927.1499999999999,
    "pct3ResTime" : 2197.86,
    "throughput" : 8.91583452211127,
    "receivedKBytesPerSec" : 4.894479705331669,
    "sentKBytesPerSec" : 2.4235397534771757
  },
  "Single Video Access [Firefox]" : {
    "transaction" : "Single Video Access [Firefox]",
    "sampleCount" : 250,
    "errorCount" : 195,
    "errorPct" : 78.0,
    "meanResTime" : 569.9759999999999,
    "minResTime" : 59.0,
    "maxResTime" : 2860.0,
    "pct1ResTime" : 1706.4,
    "pct2ResTime" : 2239.2,
    "pct3ResTime" : 2826.01,
    "throughput" : 10.154758519842398,
    "receivedKBytesPerSec" : 15.409647718733499,
    "sentKBytesPerSec" : 2.8594768649214024
  },
  "Single Video Access [ios]" : {
    "transaction" : "Single Video Access [ios]",
    "sampleCount" : 250,
    "errorCount" : 195,
    "errorPct" : 78.0,
    "meanResTime" : 612.6800000000005,
    "minResTime" : 59.0,
    "maxResTime" : 2946.0,
    "pct1ResTime" : 1859.4000000000003,
    "pct2ResTime" : 2183.35,
    "pct3ResTime" : 2875.7200000000003,
    "throughput" : 10.953862331858213,
    "receivedKBytesPerSec" : 16.62227214597117,
    "sentKBytesPerSec" : 3.041707857753144
  }
}