{
  "Total" : {
    "transaction" : "Total",
    "sampleCount" : 60,
    "errorCount" : 0,
    "errorPct" : 0.0,
    "meanResTime" : 6120.666666666668,
    "minResTime" : 4342.0,
    "maxResTime" : 7571.0,
    "pct1ResTime" : 7281.1,
    "pct2ResTime" : 7401.349999999999,
    "pct3ResTime" : 7571.0,
    "throughput" : 7.698229407236336,
    "receivedKBytesPerSec" : 12.091758283615603,
    "sentKBytesPerSec" : 3.8879566814216067
  },
  "Login into Web" : {
    "transaction" : "Login into Web",
    "sampleCount" : 60,
    "errorCount" : 0,
    "errorPct" : 0.0,
    "meanResTime" : 6120.666666666668,
    "minResTime" : 4342.0,
    "maxResTime" : 7571.0,
    "pct1ResTime" : 7281.1,
    "pct2ResTime" : 7401.349999999999,
    "pct3ResTime" : 7571.0,
    "throughput" : 7.698229407236336,
    "receivedKBytesPerSec" : 12.091758283615603,
    "sentKBytesPerSec" : 3.8879566814216067
  }
}