{
  "Access Home Page" : {
    "transaction" : "Access Home Page",
    "sampleCount" : 50,
    "errorCount" : 0,
    "errorPct" : 0.0,
    "meanResTime" : 426.02,
    "minResTime" : 299.0,
    "maxResTime" : 609.0,
    "pct1ResTime" : 565.4,
    "pct2ResTime" : 594.65,
    "pct3ResTime" : 609.0,
    "throughput" : 48.07692307692308,
    "receivedKBytesPerSec" : 946.1857722355769,
    "sentKBytesPerSec" : 7.183368389423077
  },
  "Single Video Access [Chrome]" : {
    "transaction" : "Single Video Access [Chrome]",
    "sampleCount" : 50,
    "errorCount" : 0,
    "errorPct" : 0.0,
    "meanResTime" : 625.5799999999998,
    "minResTime" : 187.0,
    "maxResTime" : 1804.0,
    "pct1ResTime" : 1057.6,
    "pct2ResTime" : 1188.8499999999997,
    "pct3ResTime" : 1804.0,
    "throughput" : 17.68033946251768,
    "receivedKBytesPerSec" : 87.26214418316832,
    "sentKBytesPerSec" : 10.18242519006365
  },
  "LoginRequest" : {
    "transaction" : "LoginRequest",
    "sampleCount" : 50,
    "errorCount" : 0,
    "errorPct" : 0.0,
    "meanResTime" : 7308.04,
    "minResTime" : 6787.0,
    "maxResTime" : 7958.0,
    "pct1ResTime" : 7762.0,
    "pct2ResTime" : 7907.5,
    "pct3ResTime" : 7958.0,
    "throughput" : 6.279829188646069,
    "receivedKBytesPerSec" : 8.9672771838106,
    "sentKBytesPerSec" : 2.8773147057900026
  },
  "Access Playlist" : {
    "transaction" : "Access Playlist",
    "sampleCount" : 50,
    "errorCount" : 0,
    "errorPct" : 0.0,
    "meanResTime" : 147.62,
    "minResTime" : 65.0,
    "maxResTime" : 491.0,
    "pct1ResTime" : 257.7,
    "pct2ResTime" : 264.04999999999995,
    "pct3ResTime" : 491.0,
    "throughput" : 22.104332449160037,
    "receivedKBytesPerSec" : 430.5379987290009,
    "sentKBytesPerSec" : 3.820768401856764
  },
  "History" : {
    "transaction" : "History",
    "sampleCount" : 50,
    "errorCount" : 0,
    "errorPct" : 0.0,
    "meanResTime" : 350.96,
    "minResTime" : 171.0,
    "maxResTime" : 1100.0,
    "pct1ResTime" : 411.6,
    "pct2ResTime" : 516.9499999999995,
    "pct3ResTime" : 1100.0,
    "throughput" : 21.570319240724764,
    "receivedKBytesPerSec" : 13.550120658973253,
    "sentKBytesPerSec" : 12.148892498921484
  },
  "Get Continue Watching List" : {
    "transaction" : "Get Continue Watching List",
    "sampleCount" : 50,
    "errorCount" : 0,
    "errorPct" : 0.0,
    "meanResTime" : 309.3599999999999,
    "minResTime" : 132.0,
    "maxResTime" : 486.0,
    "pct1ResTime" : 456.59999999999997,
    "pct2ResTime" : 484.45,
    "pct3ResTime" : 486.0,
    "throughput" : 19.76284584980237,
    "receivedKBytesPerSec" : 10.986907114624508,
    "sentKBytesPerSec" : 10.957185647233203
  },
  "Total" : {
    "transaction" : "Total",
    "sampleCount" : 600,
    "errorCount" : 0,
    "errorPct" : 0.0,
    "meanResTime" : 985.4416666666676,
    "minResTime" : 65.0,
    "maxResTime" : 7958.0,
    "pct1ResTime" : 1072.1,
    "pct2ResTime" : 7240.0,
    "pct3ResTime" : 7724.620000000001,
    "throughput" : 46.28915290850178,
    "receivedKBytesPerSec" : 247.54036136880882,
    "sentKBytesPerSec" : 22.6843971802191
  },
  "Single Video Access [android]" : {
    "transaction" : "Single Video Access [android]",
    "sampleCount" : 50,
    "errorCount" : 0,
    "errorPct" : 0.0,
    "meanResTime" : 510.48,
    "minResTime" : 192.0,
    "maxResTime" : 783.0,
    "pct1ResTime" : 693.5,
    "pct2ResTime" : 705.4499999999999,
    "pct3ResTime" : 783.0,
    "throughput" : 19.786307874950534,
    "receivedKBytesPerSec" : 97.77218539770479,
    "sentKBytesPerSec" : 11.41461280668777
  },
  "Subcription" : {
    "transaction" : "Subcription",
    "sampleCount" : 50,
    "errorCount" : 0,
    "errorPct" : 0.0,
    "meanResTime" : 314.70000000000016,
    "minResTime" : 152.0,
    "maxResTime" : 1210.0,
    "pct1ResTime" : 434.09999999999997,
    "pct2ResTime" : 509.7499999999993,
    "pct3ResTime" : 1210.0,
    "throughput" : 27.085590465872155,
    "receivedKBytesPerSec" : 17.238497088299024,
    "sentKBytesPerSec" : 15.149415120530877
  },
  "Access Detail Movie" : {
    "transaction" : "Access Detail Movie",
    "sampleCount" : 50,
    "errorCount" : 0,
    "errorPct" : 0.0,
    "meanResTime" : 294.13999999999993,
    "minResTime" : 72.0,
    "maxResTime" : 1676.0,
    "pct1ResTime" : 538.7,
    "pct2ResTime" : 559.6999999999999,
    "pct3ResTime" : 1676.0,
    "throughput" : 20.824656393169512,
    "receivedKBytesPerSec" : 27.77976624323199,
    "sentKBytesPerSec" : 11.525552504164931
  },
  "Access Favorite Page" : {
    "transaction" : "Access Favorite Page",
    "sampleCount" : 50,
    "errorCount" : 0,
    "errorPct" : 0.0,
    "meanResTime" : 438.76,
    "minResTime" : 142.0,
    "maxResTime" : 1288.0,
    "pct1ResTime" : 601.6999999999999,
    "pct2ResTime" : 727.9499999999994,
    "pct3ResTime" : 1288.0,
    "throughput" : 32.29974160206718,
    "receivedKBytesPerSec" : 21.702019743217054,
    "sentKBytesPerSec" : 18.318117126937985
  },
  "Single Video Access [Firefox]" : {
    "transaction" : "Single Video Access [Firefox]",
    "sampleCount" : 50,
    "errorCount" : 0,
    "errorPct" : 0.0,
    "meanResTime" : 627.08,
    "minResTime" : 200.0,
    "maxResTime" : 1156.0,
    "pct1ResTime" : 914.8,
    "pct2ResTime" : 1002.9499999999995,
    "pct3ResTime" : 1156.0,
    "throughput" : 18.005041411595247,
    "receivedKBytesPerSec" : 88.97022416276558,
    "sentKBytesPerSec" : 10.387009925279077
  },
  "Single Video Access [ios]" : {
    "transaction" : "Single Video Access [ios]",
    "sampleCount" : 50,
    "errorCount" : 0,
    "errorPct" : 0.0,
    "meanResTime" : 472.56,
    "minResTime" : 161.0,
    "maxResTime" : 1034.0,
    "pct1ResTime" : 589.6,
    "pct2ResTime" : 661.45,
    "pct3ResTime" : 1034.0,
    "throughput" : 24.142926122646067,
    "receivedKBytesPerSec" : 119.30000603573153,
    "sentKBytesPerSec" : 13.833613743360694
  }
}