{
  "Search Video" : {
    "transaction" : "Search Video",
    "sampleCount" : 100,
    "errorCount" : 0,
    "errorPct" : 0.0,
    "meanResTime" : 229.82000000000005,
    "minResTime" : 97.0,
    "maxResTime" : 3229.0,
    "pct1ResTime" : 181.8,
    "pct2ResTime" : 743.6499999999976,
    "pct3ResTime" : 3220.3699999999953,
    "throughput" : 7.957981855801369,
    "receivedKBytesPerSec" : 51.09739326356836,
    "sentKBytesPerSec" : 2.3780687967531433
  },
  "Total" : {
    "transaction" : "Total",
    "sampleCount" : 700,
    "errorCount" : 0,
    "errorPct" : 0.0,
    "meanResTime" : 2542.260000000001,
    "minResTime" : 53.0,
    "maxResTime" : 21503.0,
    "pct1ResTime" : 15357.5,
    "pct2ResTime" : 18420.1,
    "pct3ResTime" : 20970.02,
    "throughput" : 24.38684503901895,
    "receivedKBytesPerSec" : 139.69361848522854,
    "sentKBytesPerSec" : 6.797560880016722
  },
  "Login into Web" : {
    "transaction" : "Login into Web",
    "sampleCount" : 100,
    "errorCount" : 0,
    "errorPct" : 0.0,
    "meanResTime" : 16968.180000000008,
    "minResTime" : 8599.0,
    "maxResTime" : 21503.0,
    "pct1ResTime" : 20796.3,
    "pct2ResTime" : 21096.35,
    "pct3ResTime" : 21501.79,
    "throughput" : 4.643172215257464,
    "receivedKBytesPerSec" : 7.300300065004412,
    "sentKBytesPerSec" : 2.4258761085573664
  },
  "Access Live TV Page" : {
    "transaction" : "Access Live TV Page",
    "sampleCount" : 100,
    "errorCount" : 0,
    "errorPct" : 0.0,
    "meanResTime" : 91.52999999999996,
    "minResTime" : 61.0,
    "maxResTime" : 177.0,
    "pct1ResTime" : 123.30000000000004,
    "pct2ResTime" : 135.0,
    "pct3ResTime" : 176.68999999999983,
    "throughput" : 6.276675872457946,
    "receivedKBytesPerSec" : 40.301898302159174,
    "sentKBytesPerSec" : 1.3607637145367812
  },
  "Access Animation Page" : {
    "transaction" : "Access Animation Page",
    "sampleCount" : 100,
    "errorCount" : 0,
    "errorPct" : 0.0,
    "meanResTime" : 92.14000000000003,
    "minResTime" : 54.0,
    "maxResTime" : 159.0,
    "pct1ResTime" : 125.50000000000003,
    "pct2ResTime" : 130.95,
    "pct3ResTime" : 158.93999999999997,
    "throughput" : 6.271165182490907,
    "receivedKBytesPerSec" : 40.26651472156027,
    "sentKBytesPerSec" : 1.3901899379154647
  },
  "Access Movies Page" : {
    "transaction" : "Access Movies Page",
    "sampleCount" : 100,
    "errorCount" : 0,
    "errorPct" : 0.0,
    "meanResTime" : 218.45999999999992,
    "minResTime" : 60.0,
    "maxResTime" : 12035.0,
    "pct1ResTime" : 139.9,
    "pct2ResTime" : 217.89999999999975,
    "pct3ResTime" : 11917.49999999994,
    "throughput" : 6.243366423175376,
    "receivedKBytesPerSec" : 40.08802171130674,
    "sentKBytesPerSec" : 1.3657364050696137
  },
  "Access Series Page" : {
    "transaction" : "Access Series Page",
    "sampleCount" : 100,
    "errorCount" : 0,
    "errorPct" : 0.0,
    "meanResTime" : 95.37000000000002,
    "minResTime" : 56.0,
    "maxResTime" : 159.0,
    "pct1ResTime" : 131.9,
    "pct2ResTime" : 143.64999999999992,
    "pct3ResTime" : 158.96999999999997,
    "throughput" : 6.235191420376605,
    "receivedKBytesPerSec" : 40.035530848609554,
    "sentKBytesPerSec" : 1.3639481232073825
  },
  "Access Detail Movie" : {
    "transaction" : "Access Detail Movie",
    "sampleCount" : 100,
    "errorCount" : 0,
    "errorPct" : 0.0,
    "meanResTime" : 100.32,
    "minResTime" : 53.0,
    "maxResTime" : 1157.0,
    "pct1ResTime" : 114.0,
    "pct2ResTime" : 118.84999999999997,
    "pct3ResTime" : 1146.6699999999946,
    "throughput" : 6.269592476489028,
    "receivedKBytesPerSec" : 40.25641653605016,
    "sentKBytesPerSec" : 1.5918887147335423
  }
}