{
  "Access Home Page" : {
    "transaction" : "Access Home Page",
    "sampleCount" : 500,
    "errorCount" : 0,
    "errorPct" : 0.0,
    "meanResTime" : 3722.313999999999,
    "minResTime" : 232.0,
    "maxResTime" : 5560.0,
    "pct1ResTime" : 5120.400000000001,
    "pct2ResTime" : 5303.65,
    "pct3ResTime" : 5539.96,
    "throughput" : 16.735841478109517,
    "receivedKBytesPerSec" : 329.38881752912033,
    "sentKBytesPerSec" : 2.500570064600348
  },
  "Single Video Access [Chrome]" : {
    "transaction" : "Single Video Access [Chrome]",
    "sampleCount" : 500,
    "errorCount" : 445,
    "errorPct" : 89.0,
    "meanResTime" : 2678.3000000000015,
    "minResTime" : 148.0,
    "maxResTime" : 11934.0,
    "pct1ResTime" : 3389.9,
    "pct2ResTime" : 3472.95,
    "pct3ResTime" : 4097.860000000001,
    "throughput" : 9.947873144721658,
    "receivedKBytesPerSec" : 10.28584824892563,
    "sentKBytesPerSec" : 2.3769782278361387
  },
  "LoginRequest" : {
    "transaction" : "LoginRequest",
    "sampleCount" : 500,
    "errorCount" : 445,
    "errorPct" : 89.0,
    "meanResTime" : 33702.54199999997,
    "minResTime" : 11054.0,
    "maxResTime" : 36061.0,
    "pct1ResTime" : 35873.6,
    "pct2ResTime" : 36029.0,
    "pct3ResTime" : 36046.99,
    "throughput" : 13.864241348713398,
    "receivedKBytesPerSec" : 18.938689075324422,
    "sentKBytesPerSec" : 6.350418266831189
  },
  "Access Playlist" : {
    "transaction" : "Access Playlist",
    "sampleCount" : 500,
    "errorCount" : 0,
    "errorPct" : 0.0,
    "meanResTime" : 2715.3759999999993,
    "minResTime" : 60.0,
    "maxResTime" : 5830.0,
    "pct1ResTime" : 3981.2000000000003,
    "pct2ResTime" : 4606.5,
    "pct3ResTime" : 5285.920000000002,
    "throughput" : 9.9304865938431,
    "receivedKBytesPerSec" : 193.4311382820258,
    "sentKBytesPerSec" : 1.7165001241310824
  },
  "History" : {
    "transaction" : "History",
    "sampleCount" : 500,
    "errorCount" : 445,
    "errorPct" : 89.0,
    "meanResTime" : 2257.670000000002,
    "minResTime" : 163.0,
    "maxResTime" : 20060.0,
    "pct1ResTime" : 3787.9,
    "pct2ResTime" : 4111.95,
    "pct3ResTime" : 4768.190000000003,
    "throughput" : 9.500465522810618,
    "receivedKBytesPerSec" : 5.223586033840658,
    "sentKBytesPerSec" : 2.149461768939178
  },
  "Get Continue Watching List" : {
    "transaction" : "Get Continue Watching List",
    "sampleCount" : 500,
    "errorCount" : 445,
    "errorPct" : 89.0,
    "meanResTime" : 2381.4879999999976,
    "minResTime" : 300.0,
    "maxResTime" : 5124.0,
    "pct1ResTime" : 3937.7000000000016,
    "pct2ResTime" : 4132.85,
    "pct3ResTime" : 4891.240000000002,
    "throughput" : 9.785884839707206,
    "receivedKBytesPerSec" : 5.302726347516343,
    "sentKBytesPerSec" : 2.1280285784534385
  },
  "Total" : {
    "transaction" : "Total",
    "sampleCount" : 6000,
    "errorCount" : 4005,
    "errorPct" : 66.75,
    "meanResTime" : 5052.765333333312,
    "minResTime" : 49.0,
    "maxResTime" : 36061.0,
    "pct1ResTime" : 5094.900000000001,
    "pct2ResTime" : 34788.9,
    "pct3ResTime" : 35840.96,
    "throughput" : 86.98047288383758,
    "receivedKBytesPerSec" : 349.36741808885785,
    "sentKBytesPerSec" : 20.641850767783883
  },
  "Single Video Access [android]" : {
    "transaction" : "Single Video Access [android]",
    "sampleCount" : 500,
    "errorCount" : 445,
    "errorPct" : 89.0,
    "meanResTime" : 1456.0720000000022,
    "minResTime" : 55.0,
    "maxResTime" : 10225.0,
    "pct1ResTime" : 2919.2000000000003,
    "pct2ResTime" : 3066.85,
    "pct3ResTime" : 5516.67,
    "throughput" : 10.18122581958868,
    "receivedKBytesPerSec" : 10.5336911079719,
    "sentKBytesPerSec" : 2.4426789032274487
  },
  "Subcription" : {
    "transaction" : "Subcription",
    "sampleCount" : 500,
    "errorCount" : 445,
    "errorPct" : 89.0,
    "meanResTime" : 2793.911999999999,
    "minResTime" : 141.0,
    "maxResTime" : 4767.0,
    "pct1ResTime" : 4183.0,
    "pct2ResTime" : 4217.85,
    "pct3ResTime" : 4361.860000000001,
    "throughput" : 14.48225923244026,
    "receivedKBytesPerSec" : 7.962696868211442,
    "sentKBytesPerSec" : 3.220011540550326
  },
  "Access Detail Movie" : {
    "transaction" : "Access Detail Movie",
    "sampleCount" : 500,
    "errorCount" : 0,
    "errorPct" : 0.0,
    "meanResTime" : 2864.876,
    "minResTime" : 51.0,
    "maxResTime" : 4133.0,
    "pct1ResTime" : 3664.9,
    "pct2ResTime" : 3805.75,
    "pct3ResTime" : 3981.91,
    "throughput" : 9.960357776051316,
    "receivedKBytesPerSec" : 13.382188110071914,
    "sentKBytesPerSec" : 2.156242374101078
  },
  "Access Favorite Page" : {
    "transaction" : "Access Favorite Page",
    "sampleCount" : 500,
    "errorCount" : 445,
    "errorPct" : 89.0,
    "meanResTime" : 2937.5539999999974,
    "minResTime" : 346.0,
    "maxResTime" : 30978.0,
    "pct1ResTime" : 4265.9,
    "pct2ResTime" : 4364.9,
    "pct3ResTime" : 4481.84,
    "throughput" : 15.691197238349286,
    "receivedKBytesPerSec" : 8.635828151969246,
    "sentKBytesPerSec" : 3.611396467519222
  },
  "Single Video Access [Firefox]" : {
    "transaction" : "Single Video Access [Firefox]",
    "sampleCount" : 500,
    "errorCount" : 445,
    "errorPct" : 89.0,
    "meanResTime" : 2319.8299999999995,
    "minResTime" : 181.0,
    "maxResTime" : 20110.0,
    "pct1ResTime" : 3304.9,
    "pct2ResTime" : 3405.9,
    "pct3ResTime" : 5695.140000000001,
    "throughput" : 10.121252606222546,
    "receivedKBytesPerSec" : 10.471641673498512,
    "sentKBytesPerSec" : 2.428290134562053
  },
  "Single Video Access [ios]" : {
    "transaction" : "Single Video Access [ios]",
    "sampleCount" : 500,
    "errorCount" : 445,
    "errorPct" : 89.0,
    "meanResTime" : 803.2500000000007,
    "minResTime" : 49.0,
    "maxResTime" : 20110.0,
    "pct1ResTime" : 2281.500000000001,
    "pct2ResTime" : 2773.45,
    "pct3ResTime" : 5500.040000000001,
    "throughput" : 10.400416016640666,
    "receivedKBytesPerSec" : 10.76046948127925,
    "sentKBytesPerSec" : 2.4546403731149247
  }
}