{
  "Play Video" : {
    "transaction" : "Play Video",
    "sampleCount" : 100,
    "errorCount" : 100,
    "errorPct" : 100.0,
    "meanResTime" : 605515.7799999998,
    "minResTime" : 605333.0,
    "maxResTime" : 605798.0,
    "pct1ResTime" : 605659.9,
    "pct2ResTime" : 605718.7,
    "pct3ResTime" : 605797.41,
    "throughput" : 0.16229445407391538,
    "receivedKBytesPerSec" : 0.5412456647093956,
    "sentKBytesPerSec" : 0.0
  },
  "Search Video" : {
    "transaction" : "Search Video",
    "sampleCount" : 100,
    "errorCount" : 0,
    "errorPct" : 0.0,
    "meanResTime" : 57.71,
    "minResTime" : 45.0,
    "maxResTime" : 105.0,
    "pct1ResTime" : 77.60000000000002,
    "pct2ResTime" : 98.34999999999985,
    "pct3ResTime" : 104.99,
    "throughput" : 9.128251939753538,
    "receivedKBytesPerSec" : 58.61157861706983,
    "sentKBytesPerSec" : 2.7277784116841626
  },
  "Total" : {
    "transaction" : "Total",
    "sampleCount" : 700,
    "errorCount" : 100,
    "errorPct" : 14.285714,
    "meanResTime" : 88765.5942857143,
    "minResTime" : 24.0,
    "maxResTime" : 605798.0,
    "pct1ResTime" : 605429.9,
    "pct2ResTime" : 605573.95,
    "pct3ResTime" : 605704.59,
    "throughput" : 1.1189562376215465,
    "receivedKBytesPerSec" : 5.915841078442029,
    "sentKBytesPerSec" : 0.2713094225706261
  },
  "Login into Web" : {
    "transaction" : "Login into Web",
    "sampleCount" : 100,
    "errorCount" : 0,
    "errorPct" : 0.0,
    "meanResTime" : 15617.850000000004,
    "minResTime" : 9068.0,
    "maxResTime" : 20006.0,
    "pct1ResTime" : 19224.3,
    "pct2ResTime" : 19492.649999999998,
    "pct3ResTime" : 20001.67,
    "throughput" : 4.9862877088007975,
    "receivedKBytesPerSec" : 7.839768760907504,
    "sentKBytesPerSec" : 2.605140550984792
  },
  "Access Live TV Page" : {
    "transaction" : "Access Live TV Page",
    "sampleCount" : 100,
    "errorCount" : 0,
    "errorPct" : 0.0,
    "meanResTime" : 34.5,
    "minResTime" : 25.0,
    "maxResTime" : 64.0,
    "pct1ResTime" : 42.900000000000006,
    "pct2ResTime" : 50.0,
    "pct3ResTime" : 63.95999999999998,
    "throughput" : 9.205560158335635,
    "receivedKBytesPerSec" : 59.1010446872411,
    "sentKBytesPerSec" : 1.995736674951671
  },
  "Access Animation Page" : {
    "transaction" : "Access Animation Page",
    "sampleCount" : 100,
    "errorCount" : 0,
    "errorPct" : 0.0,
    "meanResTime" : 33.85000000000002,
    "minResTime" : 26.0,
    "maxResTime" : 74.0,
    "pct1ResTime" : 42.0,
    "pct2ResTime" : 44.0,
    "pct3ResTime" : 73.8099999999999,
    "throughput" : 9.213193292795282,
    "receivedKBytesPerSec" : 59.15005052860697,
    "sentKBytesPerSec" : 2.0423778100239542
  },
  "Access Movies Page" : {
    "transaction" : "Access Movies Page",
    "sampleCount" : 100,
    "errorCount" : 0,
    "errorPct" : 0.0,
    "meanResTime" : 40.82000000000001,
    "minResTime" : 24.0,
    "maxResTime" : 257.0,
    "pct1ResTime" : 50.70000000000002,
    "pct2ResTime" : 77.34999999999985,
    "pct3ResTime" : 256.4099999999997,
    "throughput" : 9.184423218221896,
    "receivedKBytesPerSec" : 58.964355827516535,
    "sentKBytesPerSec" : 2.00909257898604
  },
  "Access Series Page" : {
    "transaction" : "Access Series Page",
    "sampleCount" : 100,
    "errorCount" : 0,
    "errorPct" : 0.0,
    "meanResTime" : 58.65,
    "minResTime" : 27.0,
    "maxResTime" : 535.0,
    "pct1ResTime" : 60.70000000000002,
    "pct2ResTime" : 335.0499999999998,
    "pct3ResTime" : 534.1899999999996,
    "throughput" : 9.201324990798675,
    "receivedKBytesPerSec" : 59.072865867684946,
    "sentKBytesPerSec" : 2.0127898417372103
  }
}