{
  "Search Video" : {
    "transaction" : "Search Video",
    "sampleCount" : 500,
    "errorCount" : 0,
    "errorPct" : 0.0,
    "meanResTime" : 75.52999999999994,
    "minResTime" : 24.0,
    "maxResTime" : 725.0,
    "pct1ResTime" : 164.0,
    "pct2ResTime" : 177.95,
    "pct3ResTime" : 219.99,
    "throughput" : 16.69950903443439,
    "receivedKBytesPerSec" : 18.509905418155707,
    "sentKBytesPerSec" : 5.479526401923784
  },
  "Total" : {
    "transaction" : "Total",
    "sampleCount" : 3500,
    "errorCount" : 97,
    "errorPct" : 2.7714286,
    "meanResTime" : 4240.205428571435,
    "minResTime" : 2.0,
    "maxResTime" : 39378.0,
    "pct1ResTime" : 24690.800000000007,
    "pct2ResTime" : 34039.85,
    "pct3ResTime" : 39285.0,
    "throughput" : 85.16851198442633,
    "receivedKBytesPerSec" : 499.7375317480837,
    "sentKBytesPerSec" : 23.715414550127754
  },
  "Login into Web" : {
    "transaction" : "Login into Web",
    "sampleCount" : 500,
    "errorCount" : 97,
    "errorPct" : 19.4,
    "meanResTime" : 29393.158000000003,
    "minResTime" : 9442.0,
    "maxResTime" : 39378.0,
    "pct1ResTime" : 39276.0,
    "pct2ResTime" : 39289.95,
    "pct3ResTime" : 39357.92,
    "throughput" : 12.691965985531159,
    "receivedKBytesPerSec" : 18.38438709703008,
    "sentKBytesPerSec" : 6.357757765896687
  },
  "Access Live TV Page" : {
    "transaction" : "Access Live TV Page",
    "sampleCount" : 500,
    "errorCount" : 0,
    "errorPct" : 0.0,
    "meanResTime" : 20.14399999999999,
    "minResTime" : 2.0,
    "maxResTime" : 1201.0,
    "pct1ResTime" : 39.900000000000034,
    "pct2ResTime" : 59.89999999999998,
    "pct3ResTime" : 161.8900000000001,
    "throughput" : 16.392367713592552,
    "receivedKBytesPerSec" : 126.0856741975936,
    "sentKBytesPerSec" : 3.537805922562455
  },
  "Access Animation Page" : {
    "transaction" : "Access Animation Page",
    "sampleCount" : 500,
    "errorCount" : 0,
    "errorPct" : 0.0,
    "meanResTime" : 41.922,
    "minResTime" : 2.0,
    "maxResTime" : 1219.0,
    "pct1ResTime" : 63.900000000000034,
    "pct2ResTime" : 101.0,
    "pct3ResTime" : 1125.6100000000004,
    "throughput" : 16.396130513198884,
    "receivedKBytesPerSec" : 126.32347515986227,
    "sentKBytesPerSec" : 3.6186772421708477
  },
  "Access Movies Page" : {
    "transaction" : "Access Movies Page",
    "sampleCount" : 500,
    "errorCount" : 0,
    "errorPct" : 0.0,
    "meanResTime" : 45.10600000000003,
    "minResTime" : 7.0,
    "maxResTime" : 1136.0,
    "pct1ResTime" : 111.0,
    "pct2ResTime" : 133.0,
    "pct3ResTime" : 225.99,
    "throughput" : 16.478808252587175,
    "receivedKBytesPerSec" : 126.65116371284029,
    "sentKBytesPerSec" : 3.5081837881484415
  },
  "Access Series Page" : {
    "transaction" : "Access Series Page",
    "sampleCount" : 500,
    "errorCount" : 0,
    "errorPct" : 0.0,
    "meanResTime" : 86.34800000000001,
    "minResTime" : 7.0,
    "maxResTime" : 1259.0,
    "pct1ResTime" : 196.90000000000003,
    "pct2ResTime" : 330.4499999999999,
    "pct3ResTime" : 1217.99,
    "throughput" : 16.46741099364358,
    "receivedKBytesPerSec" : 126.67150654167902,
    "sentKBytesPerSec" : 3.586164698811053
  },
  "Access Detail Movie" : {
    "transaction" : "Access Detail Movie",
    "sampleCount" : 500,
    "errorCount" : 0,
    "errorPct" : 0.0,
    "meanResTime" : 19.229999999999997,
    "minResTime" : 2.0,
    "maxResTime" : 1205.0,
    "pct1ResTime" : 34.0,
    "pct2ResTime" : 51.94999999999999,
    "pct3ResTime" : 132.91000000000008,
    "throughput" : 16.398281460102982,
    "receivedKBytesPerSec" : 126.961388196517,
    "sentKBytesPerSec" : 4.147612205240891
  }
}