{
  "Search Video" : {
    "transaction" : "Search Video",
    "sampleCount" : 1500,
    "errorCount" : 0,
    "errorPct" : 0.0,
    "meanResTime" : 4476.831333333327,
    "minResTime" : 165.0,
    "maxResTime" : 10822.0,
    "pct1ResTime" : 8647.8,
    "pct2ResTime" : 9202.0,
    "pct3ResTime" : 9821.99,
    "throughput" : 53.49691501123435,
    "receivedKBytesPerSec" : 343.49825800670493,
    "sentKBytesPerSec" : 15.986382806091514
  },
  "Total" : {
    "transaction" : "Total",
    "sampleCount" : 10500,
    "errorCount" : 1459,
    "errorPct" : 13.895238,
    "meanResTime" : 7115.195619047579,
    "minResTime" : 165.0,
    "maxResTime" : 55702.0,
    "pct1ResTime" : 28412.9,
    "pct2ResTime" : 29785.85,
    "pct3ResTime" : 54961.909999999996,
    "throughput" : 162.61421712869753,
    "receivedKBytesPerSec" : 913.156083030045,
    "sentKBytesPerSec" : 45.32689813380828
  },
  "Login into Web" : {
    "transaction" : "Login into Web",
    "sampleCount" : 1500,
    "errorCount" : 1459,
    "errorPct" : 97.26667,
    "meanResTime" : 34331.27333333336,
    "minResTime" : 15692.0,
    "maxResTime" : 55702.0,
    "pct1ResTime" : 54630.7,
    "pct2ResTime" : 55066.95,
    "pct3ResTime" : 55354.51,
    "throughput" : 26.91693434062483,
    "receivedKBytesPerSec" : 21.074207184129776,
    "sentKBytesPerSec" : 14.063046750228795
  },
  "Access Live TV Page" : {
    "transaction" : "Access Live TV Page",
    "sampleCount" : 1500,
    "errorCount" : 0,
    "errorPct" : 0.0,
    "meanResTime" : 2134.200666666666,
    "minResTime" : 639.0,
    "maxResTime" : 12164.0,
    "pct1ResTime" : 3513.9,
    "pct2ResTime" : 5494.95,
    "pct3ResTime" : 10113.94,
    "throughput" : 75.58578987150416,
    "receivedKBytesPerSec" : 485.3286800831444,
    "sentKBytesPerSec" : 16.386763038548754
  },
  "Access Animation Page" : {
    "transaction" : "Access Animation Page",
    "sampleCount" : 1500,
    "errorCount" : 0,
    "errorPct" : 0.0,
    "meanResTime" : 1969.3920000000032,
    "minResTime" : 631.0,
    "maxResTime" : 9990.0,
    "pct1ResTime" : 3487.0,
    "pct2ResTime" : 4202.95,
    "pct3ResTime" : 7275.0,
    "throughput" : 78.44367743959837,
    "receivedKBytesPerSec" : 503.6788859036712,
    "sentKBytesPerSec" : 17.389369901160965
  },
  "Access Movies Page" : {
    "transaction" : "Access Movies Page",
    "sampleCount" : 1500,
    "errorCount" : 0,
    "errorPct" : 0.0,
    "meanResTime" : 3396.003333333334,
    "minResTime" : 272.0,
    "maxResTime" : 18049.0,
    "pct1ResTime" : 7190.0,
    "pct2ResTime" : 7302.200000000004,
    "pct3ResTime" : 8249.0,
    "throughput" : 73.77170117542911,
    "receivedKBytesPerSec" : 473.68060080902967,
    "sentKBytesPerSec" : 16.137559632125118
  },
  "Access Series Page" : {
    "transaction" : "Access Series Page",
    "sampleCount" : 1500,
    "errorCount" : 0,
    "errorPct" : 0.0,
    "meanResTime" : 1656.4099999999983,
    "minResTime" : 526.0,
    "maxResTime" : 8793.0,
    "pct1ResTime" : 2999.9,
    "pct2ResTime" : 4261.9,
    "pct3ResTime" : 5453.010000000001,
    "throughput" : 80.63649069992474,
    "receivedKBytesPerSec" : 517.75871714063,
    "sentKBytesPerSec" : 17.639232340608537
  },
  "Access Detail Movie" : {
    "transaction" : "Access Detail Movie",
    "sampleCount" : 1500,
    "errorCount" : 0,
    "errorPct" : 0.0,
    "meanResTime" : 1842.2586666666668,
    "minResTime" : 499.0,
    "maxResTime" : 11874.0,
    "pct1ResTime" : 3060.9,
    "pct2ResTime" : 3499.95,
    "pct3ResTime" : 7608.700000000001,
    "throughput" : 77.780658542909,
    "receivedKBytesPerSec" : 499.4217089058854,
    "sentKBytesPerSec" : 19.748995333160487
  }
}