{
  "Total" : {
    "transaction" : "Total",
    "sampleCount" : 300,
    "errorCount" : 49,
    "errorPct" : 16.333334,
    "meanResTime" : 28731.093333333327,
    "minResTime" : 13203.0,
    "maxResTime" : 35640.0,
    "pct1ResTime" : 35483.9,
    "pct2ResTime" : 35492.95,
    "pct3ResTime" : 35628.71,
    "throughput" : 8.417272242641902,
    "receivedKBytesPerSec" : 12.405530367063214,
    "sentKBytesPerSec" : 4.222692308366769
  },
  "Login into Web" : {
    "transaction" : "Login into Web",
    "sampleCount" : 300,
    "errorCount" : 49,
    "errorPct" : 16.333334,
    "meanResTime" : 28731.093333333327,
    "minResTime" : 13203.0,
    "maxResTime" : 35640.0,
    "pct1ResTime" : 35483.9,
    "pct2ResTime" : 35492.95,
    "pct3ResTime" : 35628.71,
    "throughput" : 8.417272242641902,
    "receivedKBytesPerSec" : 12.405530367063214,
    "sentKBytesPerSec" : 4.222692308366769
  }
}