{
  "Total" : {
    "transaction" : "Total",
    "sampleCount" : 300,
    "errorCount" : 48,
    "errorPct" : 16.0,
    "meanResTime" : 28712.676666666644,
    "minResTime" : 12909.0,
    "maxResTime" : 35779.0,
    "pct1ResTime" : 35722.0,
    "pct2ResTime" : 35769.0,
    "pct3ResTime" : 35777.97,
    "throughput" : 8.384338056510439,
    "receivedKBytesPerSec" : 12.471566395223723,
    "sentKBytesPerSec" : 4.177894911056147
  },
  "Login into Web" : {
    "transaction" : "Login into Web",
    "sampleCount" : 300,
    "errorCount" : 48,
    "errorPct" : 16.0,
    "meanResTime" : 28712.676666666644,
    "minResTime" : 12909.0,
    "maxResTime" : 35779.0,
    "pct1ResTime" : 35722.0,
    "pct2ResTime" : 35769.0,
    "pct3ResTime" : 35777.97,
    "throughput" : 8.384338056510439,
    "receivedKBytesPerSec" : 12.471566395223723,
    "sentKBytesPerSec" : 4.177894911056147
  }
}