{
  "Total" : {
    "transaction" : "Total",
    "sampleCount" : 30,
    "errorCount" : 0,
    "errorPct" : 0.0,
    "meanResTime" : 3562.7999999999997,
    "minResTime" : 2626.0,
    "maxResTime" : 4748.0,
    "pct1ResTime" : 4581.300000000001,
    "pct2ResTime" : 4693.0,
    "pct3ResTime" : 4748.0,
    "throughput" : 6.317119393556538,
    "receivedKBytesPerSec" : 9.897437289429353,
    "sentKBytesPerSec" : 3.189816277110971
  },
  "Login into Web" : {
    "transaction" : "Login into Web",
    "sampleCount" : 30,
    "errorCount" : 0,
    "errorPct" : 0.0,
    "meanResTime" : 3562.7999999999997,
    "minResTime" : 2626.0,
    "maxResTime" : 4748.0,
    "pct1ResTime" : 4581.300000000001,
    "pct2ResTime" : 4693.0,
    "pct3ResTime" : 4748.0,
    "throughput" : 6.317119393556538,
    "receivedKBytesPerSec" : 9.897437289429353,
    "sentKBytesPerSec" : 3.189816277110971
  }
}