{
  "Total" : {
    "transaction" : "Total",
    "sampleCount" : 40,
    "errorCount" : 0,
    "errorPct" : 0.0,
    "meanResTime" : 4079.650000000001,
    "minResTime" : 2982.0,
    "maxResTime" : 5222.0,
    "pct1ResTime" : 4898.8,
    "pct2ResTime" : 5107.15,
    "pct3ResTime" : 5222.0,
    "throughput" : 7.6452599388379205,
    "receivedKBytesPerSec" : 11.982675721521407,
    "sentKBytesPerSec" : 3.8605202957759936
  },
  "Login into Web" : {
    "transaction" : "Login into Web",
    "sampleCount" : 40,
    "errorCount" : 0,
    "errorPct" : 0.0,
    "meanResTime" : 4079.650000000001,
    "minResTime" : 2982.0,
    "maxResTime" : 5222.0,
    "pct1ResTime" : 4898.8,
    "pct2ResTime" : 5107.15,
    "pct3ResTime" : 5222.0,
    "throughput" : 7.6452599388379205,
    "receivedKBytesPerSec" : 11.982675721521407,
    "sentKBytesPerSec" : 3.8605202957759936
  }
}