{
  "Search Video" : {
    "transaction" : "Search Video",
    "sampleCount" : 1000,
    "errorCount" : 0,
    "errorPct" : 0.0,
    "meanResTime" : 703.5340000000001,
    "minResTime" : 25.0,
    "maxResTime" : 8429.0,
    "pct1ResTime" : 2399.0,
    "pct2ResTime" : 3295.95,
    "pct3ResTime" : 4517.99,
    "throughput" : 26.944010346499972,
    "receivedKBytesPerSec" : 29.87819728572776,
    "sentKBytesPerSec" : 8.841003394945304
  },
  "Total" : {
    "transaction" : "Total",
    "sampleCount" : 7000,
    "errorCount" : 735,
    "errorPct" : 10.5,
    "meanResTime" : 7285.021000000019,
    "minResTime" : 2.0,
    "maxResTime" : 55186.0,
    "pct1ResTime" : 47653.600000000006,
    "pct2ResTime" : 52243.65,
    "pct3ResTime" : 53996.99,
    "throughput" : 107.49550822340638,
    "receivedKBytesPerSec" : 625.2280680369785,
    "sentKBytesPerSec" : 29.804449354259127
  },
  "Login into Web" : {
    "transaction" : "Login into Web",
    "sampleCount" : 1000,
    "errorCount" : 734,
    "errorPct" : 73.4,
    "meanResTime" : 47635.72300000001,
    "minResTime" : 22842.0,
    "maxResTime" : 55186.0,
    "pct1ResTime" : 53936.0,
    "pct2ResTime" : 54156.95,
    "pct3ResTime" : 54870.0,
    "throughput" : 18.08710750976704,
    "receivedKBytesPerSec" : 19.7223480626447,
    "sentKBytesPerSec" : 8.913535006466141
  },
  "Access Live TV Page" : {
    "transaction" : "Access Live TV Page",
    "sampleCount" : 1000,
    "errorCount" : 0,
    "errorPct" : 0.0,
    "meanResTime" : 291.57699999999977,
    "minResTime" : 2.0,
    "maxResTime" : 3474.0,
    "pct1ResTime" : 1205.1999999999998,
    "pct2ResTime" : 1365.7999999999997,
    "pct3ResTime" : 3154.7400000000002,
    "throughput" : 25.672622715136576,
    "receivedKBytesPerSec" : 197.45922264902958,
    "sentKBytesPerSec" : 5.540673457075375
  },
  "Access Animation Page" : {
    "transaction" : "Access Animation Page",
    "sampleCount" : 1000,
    "errorCount" : 0,
    "errorPct" : 0.0,
    "meanResTime" : 427.972,
    "minResTime" : 2.0,
    "maxResTime" : 7404.0,
    "pct1ResTime" : 1357.0,
    "pct2ResTime" : 2371.1499999999974,
    "pct3ResTime" : 4568.55,
    "throughput" : 25.639053406148246,
    "receivedKBytesPerSec" : 197.598682312899,
    "sentKBytesPerSec" : 5.658619208778812
  },
  "Access Movies Page" : {
    "transaction" : "Access Movies Page",
    "sampleCount" : 1000,
    "errorCount" : 0,
    "errorPct" : 0.0,
    "meanResTime" : 972.0680000000003,
    "minResTime" : 7.0,
    "maxResTime" : 9039.0,
    "pct1ResTime" : 3228.2999999999997,
    "pct2ResTime" : 4044.7499999999914,
    "pct3ResTime" : 6015.980000000001,
    "throughput" : 26.186236514088193,
    "receivedKBytesPerSec" : 201.2071650453022,
    "sentKBytesPerSec" : 5.5748042578820565
  },
  "Access Series Page" : {
    "transaction" : "Access Series Page",
    "sampleCount" : 1000,
    "errorCount" : 1,
    "errorPct" : 0.1,
    "meanResTime" : 718.9949999999998,
    "minResTime" : 7.0,
    "maxResTime" : 9033.0,
    "pct1ResTime" : 2516.2,
    "pct2ResTime" : 3278.85,
    "pct3ResTime" : 4758.55,
    "throughput" : 25.60753885944022,
    "receivedKBytesPerSec" : 196.84680169842,
    "sentKBytesPerSec" : 5.571065121571791
  },
  "Access Detail Movie" : {
    "transaction" : "Access Detail Movie",
    "sampleCount" : 1000,
    "errorCount" : 0,
    "errorPct" : 0.0,
    "meanResTime" : 245.2780000000001,
    "minResTime" : 2.0,
    "maxResTime" : 6312.0,
    "pct1ResTime" : 1085.9,
    "pct2ResTime" : 1310.199999999999,
    "pct3ResTime" : 3237.2800000000007,
    "throughput" : 25.712889871692678,
    "receivedKBytesPerSec" : 199.16642025147206,
    "sentKBytesPerSec" : 6.5035531999691445
  }
}