{
  "Search Video" : {
    "transaction" : "Search Video",
    "sampleCount" : 300,
    "errorCount" : 0,
    "errorPct" : 0.0,
    "meanResTime" : 32.31666666666667,
    "minResTime" : 8.0,
    "maxResTime" : 186.0,
    "pct1ResTime" : 59.0,
    "pct2ResTime" : 66.0,
    "pct3ResTime" : 140.95000000000005,
    "throughput" : 18.779342723004696,
    "receivedKBytesPerSec" : 146.56213321596243,
    "sentKBytesPerSec" : 5.611795774647887
  },
  "Total" : {
    "transaction" : "Total",
    "sampleCount" : 2100,
    "errorCount" : 3,
    "errorPct" : 0.14285715,
    "meanResTime" : 2510.148571428564,
    "minResTime" : 2.0,
    "maxResTime" : 24794.0,
    "pct1ResTime" : 14135.300000000003,
    "pct2ResTime" : 19407.85,
    "pct3ResTime" : 24325.249999999985,
    "throughput" : 84.23923944000963,
    "receivedKBytesPerSec" : 576.3212836956958,
    "sentKBytesPerSec" : 23.21025305617955
  },
  "Login into Web" : {
    "transaction" : "Login into Web",
    "sampleCount" : 300,
    "errorCount" : 3,
    "errorPct" : 1.0,
    "meanResTime" : 17478.03,
    "minResTime" : 8861.0,
    "maxResTime" : 24794.0,
    "pct1ResTime" : 23667.000000000004,
    "pct2ResTime" : 24571.85,
    "pct3ResTime" : 24774.670000000002,
    "throughput" : 12.0962864400629,
    "receivedKBytesPerSec" : 19.16544758779888,
    "sentKBytesPerSec" : 6.04794634036934
  },
  "Access Live TV Page" : {
    "transaction" : "Access Live TV Page",
    "sampleCount" : 300,
    "errorCount" : 0,
    "errorPct" : 0.0,
    "meanResTime" : 11.939999999999996,
    "minResTime" : 3.0,
    "maxResTime" : 83.0,
    "pct1ResTime" : 20.0,
    "pct2ResTime" : 22.94999999999999,
    "pct3ResTime" : 76.95000000000005,
    "throughput" : 19.38986556359876,
    "receivedKBytesPerSec" : 149.03358688275594,
    "sentKBytesPerSec" : 4.203662260858325
  },
  "Access Animation Page" : {
    "transaction" : "Access Animation Page",
    "sampleCount" : 300,
    "errorCount" : 0,
    "errorPct" : 0.0,
    "meanResTime" : 11.990000000000007,
    "minResTime" : 3.0,
    "maxResTime" : 52.0,
    "pct1ResTime" : 21.0,
    "pct2ResTime" : 25.0,
    "pct3ResTime" : 39.99000000000001,
    "throughput" : 19.40240589833139,
    "receivedKBytesPerSec" : 149.42808376988748,
    "sentKBytesPerSec" : 4.30111927629026
  },
  "Access Movies Page" : {
    "transaction" : "Access Movies Page",
    "sampleCount" : 300,
    "errorCount" : 0,
    "errorPct" : 0.0,
    "meanResTime" : 12.51,
    "minResTime" : 3.0,
    "maxResTime" : 443.0,
    "pct1ResTime" : 21.0,
    "pct2ResTime" : 23.94999999999999,
    "pct3ResTime" : 44.97000000000003,
    "throughput" : 18.931027954817946,
    "receivedKBytesPerSec" : 145.5359748690604,
    "sentKBytesPerSec" : 4.1411623651164255
  },
  "Access Series Page" : {
    "transaction" : "Access Series Page",
    "sampleCount" : 300,
    "errorCount" : 0,
    "errorPct" : 0.0,
    "meanResTime" : 12.259999999999994,
    "minResTime" : 2.0,
    "maxResTime" : 146.0,
    "pct1ResTime" : 21.0,
    "pct2ResTime" : 25.0,
    "pct3ResTime" : 61.99000000000001,
    "throughput" : 19.328651504413376,
    "receivedKBytesPerSec" : 148.60196971039235,
    "sentKBytesPerSec" : 4.228142516590426
  },
  "Access Detail Movie" : {
    "transaction" : "Access Detail Movie",
    "sampleCount" : 300,
    "errorCount" : 0,
    "errorPct" : 0.0,
    "meanResTime" : 11.993333333333325,
    "minResTime" : 3.0,
    "maxResTime" : 64.0,
    "pct1ResTime" : 21.0,
    "pct2ResTime" : 29.94999999999999,
    "pct3ResTime" : 60.950000000000045,
    "throughput" : 19.476725313250665,
    "receivedKBytesPerSec" : 150.71067223105888,
    "sentKBytesPerSec" : 4.9452622865675515
  }
}