{
  "Total" : {
    "transaction" : "Total",
    "sampleCount" : 120,
    "errorCount" : 0,
    "errorPct" : 0.0,
    "meanResTime" : 11846.591666666667,
    "minResTime" : 7654.0,
    "maxResTime" : 14943.0,
    "pct1ResTime" : 14598.2,
    "pct2ResTime" : 14884.05,
    "pct3ResTime" : 14940.48,
    "throughput" : 8.02407221664995,
    "receivedKBytesPerSec" : 12.616103518890004,
    "sentKBytesPerSec" : 4.052587449849549
  },
  "Login into Web" : {
    "transaction" : "Login into Web",
    "sampleCount" : 120,
    "errorCount" : 0,
    "errorPct" : 0.0,
    "meanResTime" : 11846.591666666667,
    "minResTime" : 7654.0,
    "maxResTime" : 14943.0,
    "pct1ResTime" : 14598.2,
    "pct2ResTime" : 14884.05,
    "pct3ResTime" : 14940.48,
    "throughput" : 8.02407221664995,
    "receivedKBytesPerSec" : 12.616103518890004,
    "sentKBytesPerSec" : 4.052587449849549
  }
}