{
  "Search Video" : {
    "transaction" : "Search Video",
    "sampleCount" : 500,
    "errorCount" : 0,
    "errorPct" : 0.0,
    "meanResTime" : 2154.0120000000006,
    "minResTime" : 100.0,
    "maxResTime" : 4638.0,
    "pct1ResTime" : 3521.0,
    "pct2ResTime" : 3659.95,
    "pct3ResTime" : 3749.98,
    "throughput" : 9.879665672113656,
    "receivedKBytesPerSec" : 63.44597798810488,
    "sentKBytesPerSec" : 2.9523219684245885
  },
  "Total" : {
    "transaction" : "Total",
    "sampleCount" : 3500,
    "errorCount" : 459,
    "errorPct" : 13.114285,
    "meanResTime" : 7417.713428571414,
    "minResTime" : 56.0,
    "maxResTime" : 59050.0,
    "pct1ResTime" : 34450.6,
    "pct2ResTime" : 35763.95,
    "pct3ResTime" : 36739.85,
    "throughput" : 57.98542080848244,
    "receivedKBytesPerSec" : 330.57642103110504,
    "sentKBytesPerSec" : 16.1627888916501
  },
  "Login into Web" : {
    "transaction" : "Login into Web",
    "sampleCount" : 500,
    "errorCount" : 459,
    "errorPct" : 91.8,
    "meanResTime" : 34485.68200000001,
    "minResTime" : 8953.0,
    "maxResTime" : 59050.0,
    "pct1ResTime" : 36634.6,
    "pct2ResTime" : 38563.4,
    "pct3ResTime" : 38942.93,
    "throughput" : 8.398421096833795,
    "receivedKBytesPerSec" : 11.555686124758546,
    "sentKBytesPerSec" : 4.387846959771563
  },
  "Access Live TV Page" : {
    "transaction" : "Access Live TV Page",
    "sampleCount" : 500,
    "errorCount" : 0,
    "errorPct" : 0.0,
    "meanResTime" : 3566.992000000002,
    "minResTime" : 56.0,
    "maxResTime" : 4815.0,
    "pct1ResTime" : 4638.9,
    "pct2ResTime" : 4671.8,
    "pct3ResTime" : 4762.95,
    "throughput" : 9.881813510415432,
    "receivedKBytesPerSec" : 63.4597711371991,
    "sentKBytesPerSec" : 2.1423462883908457
  },
  "Access Animation Page" : {
    "transaction" : "Access Animation Page",
    "sampleCount" : 500,
    "errorCount" : 0,
    "errorPct" : 0.0,
    "meanResTime" : 3345.857999999999,
    "minResTime" : 59.0,
    "maxResTime" : 5708.0,
    "pct1ResTime" : 4442.0,
    "pct2ResTime" : 4579.05,
    "pct3ResTime" : 4695.82,
    "throughput" : 9.886111989876621,
    "receivedKBytesPerSec" : 63.48737543498893,
    "sentKBytesPerSec" : 2.1915502165058527
  },
  "Access Movies Page" : {
    "transaction" : "Access Movies Page",
    "sampleCount" : 500,
    "errorCount" : 0,
    "errorPct" : 0.0,
    "meanResTime" : 2494.3539999999966,
    "minResTime" : 61.0,
    "maxResTime" : 3816.0,
    "pct1ResTime" : 3706.0,
    "pct2ResTime" : 3726.95,
    "pct3ResTime" : 3773.0,
    "throughput" : 9.893349690338153,
    "receivedKBytesPerSec" : 63.53385504264033,
    "sentKBytesPerSec" : 2.1641702447614715
  },
  "Access Series Page" : {
    "transaction" : "Access Series Page",
    "sampleCount" : 500,
    "errorCount" : 0,
    "errorPct" : 0.0,
    "meanResTime" : 2828.106000000001,
    "minResTime" : 60.0,
    "maxResTime" : 4463.0,
    "pct1ResTime" : 3735.6000000000004,
    "pct2ResTime" : 3998.2999999999997,
    "pct3ResTime" : 4130.87,
    "throughput" : 9.895111814763506,
    "receivedKBytesPerSec" : 63.54517118543439,
    "sentKBytesPerSec" : 2.164555709479517
  },
  "Access Detail Movie" : {
    "transaction" : "Access Detail Movie",
    "sampleCount" : 500,
    "errorCount" : 0,
    "errorPct" : 0.0,
    "meanResTime" : 3048.9900000000002,
    "minResTime" : 58.0,
    "maxResTime" : 4859.0,
    "pct1ResTime" : 4608.7,
    "pct2ResTime" : 4696.85,
    "pct3ResTime" : 4819.92,
    "throughput" : 9.868940470551083,
    "receivedKBytesPerSec" : 63.37710208432023,
    "sentKBytesPerSec" : 2.5057856663508606
  }
}