{
  "Access Home Page" : {
    "transaction" : "Access Home Page",
    "sampleCount" : 300,
    "errorCount" : 0,
    "errorPct" : 0.0,
    "meanResTime" : 1457.3433333333326,
    "minResTime" : 199.0,
    "maxResTime" : 2568.0,
    "pct1ResTime" : 1982.9,
    "pct2ResTime" : 2016.0,
    "pct3ResTime" : 2065.59,
    "throughput" : 11.734334663224596,
    "receivedKBytesPerSec" : 230.9509578150669,
    "sentKBytesPerSec" : 1.7532746127669563
  },
  "Single Video Access [Chrome]" : {
    "transaction" : "Single Video Access [Chrome]",
    "sampleCount" : 300,
    "errorCount" : 245,
    "errorPct" : 81.666664,
    "meanResTime" : 699.3266666666665,
    "minResTime" : 99.0,
    "maxResTime" : 3341.0,
    "pct1ResTime" : 1663.2000000000016,
    "pct2ResTime" : 1912.8499999999997,
    "pct3ResTime" : 3264.1400000000035,
    "throughput" : 11.583906093134607,
    "receivedKBytesPerSec" : 15.701434172040312,
    "sentKBytesPerSec" : 3.0896449532782455
  },
  "LoginRequest" : {
    "transaction" : "LoginRequest",
    "sampleCount" : 300,
    "errorCount" : 245,
    "errorPct" : 81.666664,
    "meanResTime" : 36517.483333333344,
    "minResTime" : 15506.0,
    "maxResTime" : 39704.0,
    "pct1ResTime" : 39207.7,
    "pct2ResTime" : 39272.95,
    "pct3ResTime" : 39376.97,
    "throughput" : 7.553820974442906,
    "receivedKBytesPerSec" : 10.356922958894623,
    "sentKBytesPerSec" : 3.4601516272189348
  },
  "Access Playlist" : {
    "transaction" : "Access Playlist",
    "sampleCount" : 300,
    "errorCount" : 0,
    "errorPct" : 0.0,
    "meanResTime" : 1084.7733333333335,
    "minResTime" : 61.0,
    "maxResTime" : 2096.0,
    "pct1ResTime" : 2001.8000000000002,
    "pct2ResTime" : 2020.9,
    "pct3ResTime" : 2049.99,
    "throughput" : 11.388656897729861,
    "receivedKBytesPerSec" : 221.83413133019513,
    "sentKBytesPerSec" : 1.9685471395490093
  },
  "History" : {
    "transaction" : "History",
    "sampleCount" : 300,
    "errorCount" : 245,
    "errorPct" : 81.666664,
    "meanResTime" : 688.2199999999996,
    "minResTime" : 94.0,
    "maxResTime" : 2443.0,
    "pct1ResTime" : 1221.0,
    "pct2ResTime" : 1403.0,
    "pct3ResTime" : 2344.7300000000005,
    "throughput" : 10.294067185945167,
    "receivedKBytesPerSec" : 5.64665775229043,
    "sentKBytesPerSec" : 2.6149343324297427
  },
  "Get Continue Watching List" : {
    "transaction" : "Get Continue Watching List",
    "sampleCount" : 300,
    "errorCount" : 245,
    "errorPct" : 81.666664,
    "meanResTime" : 752.676666666667,
    "minResTime" : 94.0,
    "maxResTime" : 3145.0,
    "pct1ResTime" : 1534.6000000000004,
    "pct2ResTime" : 1830.85,
    "pct3ResTime" : 3085.160000000006,
    "throughput" : 10.8038029386344,
    "receivedKBytesPerSec" : 5.783129411552866,
    "sentKBytesPerSec" : 2.64946386127917
  },
  "Total" : {
    "transaction" : "Total",
    "sampleCount" : 3600,
    "errorCount" : 2205,
    "errorPct" : 61.25,
    "meanResTime" : 3782.793611111136,
    "minResTime" : 54.0,
    "maxResTime" : 39704.0,
    "pct1ResTime" : 2295.2000000000016,
    "pct2ResTime" : 38797.399999999994,
    "pct3ResTime" : 39201.99,
    "throughput" : 73.16775740823543,
    "receivedKBytesPerSec" : 301.70003490076624,
    "sentKBytesPerSec" : 18.88821370320312
  },
  "Single Video Access [android]" : {
    "transaction" : "Single Video Access [android]",
    "sampleCount" : 300,
    "errorCount" : 245,
    "errorPct" : 81.666664,
    "meanResTime" : 582.9933333333336,
    "minResTime" : 60.0,
    "maxResTime" : 2883.0,
    "pct1ResTime" : 1892.5000000000002,
    "pct2ResTime" : 2227.0,
    "pct3ResTime" : 2639.7300000000014,
    "throughput" : 12.38390092879257,
    "receivedKBytesPerSec" : 16.79909216976264,
    "sentKBytesPerSec" : 3.315112229102167
  },
  "Subcription" : {
    "transaction" : "Subcription",
    "sampleCount" : 300,
    "errorCount" : 245,
    "errorPct" : 81.666664,
    "meanResTime" : 1018.4366666666666,
    "minResTime" : 165.0,
    "maxResTime" : 28983.0,
    "pct1ResTime" : 1316.8000000000006,
    "pct2ResTime" : 1750.95,
    "pct3ResTime" : 2819.170000000002,
    "throughput" : 9.86679822397632,
    "receivedKBytesPerSec" : 5.412285705476073,
    "sentKBytesPerSec" : 2.467855821410952
  },
  "Access Detail Movie" : {
    "transaction" : "Access Detail Movie",
    "sampleCount" : 300,
    "errorCount" : 0,
    "errorPct" : 0.0,
    "meanResTime" : 895.6066666666671,
    "minResTime" : 54.0,
    "maxResTime" : 2037.0,
    "pct1ResTime" : 1778.0000000000005,
    "pct2ResTime" : 1833.5,
    "pct3ResTime" : 1967.99,
    "throughput" : 11.481056257175661,
    "receivedKBytesPerSec" : 15.416270510428626,
    "sentKBytesPerSec" : 2.8043376865671643
  },
  "Access Favorite Page" : {
    "transaction" : "Access Favorite Page",
    "sampleCount" : 300,
    "errorCount" : 245,
    "errorPct" : 81.666664,
    "meanResTime" : 554.489999999999,
    "minResTime" : 134.0,
    "maxResTime" : 2263.0,
    "pct1ResTime" : 1149.5000000000005,
    "pct2ResTime" : 1965.75,
    "pct3ResTime" : 2223.250000000001,
    "throughput" : 11.387360030366294,
    "receivedKBytesPerSec" : 6.256561076579996,
    "sentKBytesPerSec" : 2.9371382140823687
  },
  "Single Video Access [Firefox]" : {
    "transaction" : "Single Video Access [Firefox]",
    "sampleCount" : 300,
    "errorCount" : 245,
    "errorPct" : 81.666664,
    "meanResTime" : 600.923333333333,
    "minResTime" : 61.0,
    "maxResTime" : 3141.0,
    "pct1ResTime" : 1837.7000000000005,
    "pct2ResTime" : 2267.4999999999995,
    "pct3ResTime" : 2934.8,
    "throughput" : 11.975091809037202,
    "receivedKBytesPerSec" : 16.244531686591888,
    "sentKBytesPerSec" : 3.2056759440364044
  },
  "Single Video Access [ios]" : {
    "transaction" : "Single Video Access [ios]",
    "sampleCount" : 300,
    "errorCount" : 245,
    "errorPct" : 81.666664,
    "meanResTime" : 541.2500000000005,
    "minResTime" : 62.0,
    "maxResTime" : 3600.0,
    "pct1ResTime" : 1890.6000000000004,
    "pct2ResTime" : 2325.249999999999,
    "pct3ResTime" : 3135.4400000000005,
    "throughput" : 13.010104514506267,
    "receivedKBytesPerSec" : 17.64855404885294,
    "sentKBytesPerSec" : 3.4319232729086258
  }
}